매출액,영업이익,당기순이익,영업이익률,순이익률,ROE(지배주주),부채비율,당좌비율,유보율,EPS(원),PER(배),BPS(원),PBR(배),주당배당금(원),시가배당률(%),배당성향(%),시가총액,상장주식수,ROE(%),주당배당금
5470.0,265.0,135.0,4.84,2.46,2.54,61.48,105.33,4586.2,445.0,11.81,18377.0,0.29,100.0,1.9,21.71,,,,
2363.0,107.0,88.0,4.51,3.72,5.83,54.77,75.34,1820.15,546.0,8.4,9613.0,0.48,50.0,1.09,9.15,,,,
177861.0,20331.0,6689.0,11.43,3.76,6.26,124.53,47.11,2422.9,5744.0,8.98,93884.0,0.55,1900.0,3.68,33.08,,,,
42165.0,5515.0,4137.0,13.08,9.81,20.3,97.58,157.74,916.87,8239.0,2.89,44456.0,0.53,438.0,1.84,5.31,,,,
20684.0,1180.0,2193.0,5.7,10.6,32.69,207.16,63.18,470.48,7569.0,1.59,26621.0,0.45,350.0,2.92,4.66,,,,
7657.0,484.0,431.0,6.33,5.62,9.18,11.52,315.69,1864.22,8606.0,6.46,99402.0,0.56,2500.0,4.5,28.54,,,,
2312.0,528.0,234.0,22.82,10.13,8.79,240.65,31.74,2224.01,1009.0,7.66,12508.0,0.62,270.0,3.49,25.92,,,,
4510.0,138.0,92.0,3.05,2.04,5.6,85.31,149.41,911.3,264.0,8.7,4975.0,0.46,90.0,3.91,33.08,,,,
79754.0,4764.0,1023.0,5.97,1.28,4.73,161.76,99.83,1793.97,4323.0,32.39,93161.0,1.5,300.0,0.21,6.94,,,,
11122.0,292.0,-942.0,2.63,-8.47,-9.4,88.23,46.64,391.34,-1217.0,-4.97,12283.0,0.49,75.0,1.24,-6.16,,,,
31868.0,688.0,116.0,2.16,0.36,1.26,180.09,74.72,1800.1,1156.0,47.3,91606.0,0.6,250.0,0.46,22.02,,,,
,,,,,,,,,,,,,,,,,,,
809.0,78.0,-76.0,9.68,-9.34,-0.88,468.69,8.56,1405.91,-71.0,-86.28,8825.0,0.7,350.0,5.7,-433.82,,,,
26051,-1806,-8074,-6.93,-30.99,-26.20,79.14,148.28,1956.46,-33308,-1.88,110515,0.57,-,-,-,,,,
2237.0,336.0,177.0,15.02,7.92,6.95,56.38,65.98,2143.26,603.0,58.01,8557.0,4.09,315.0,0.9,52.21,,,,
,,,,,,,,,,,,,,,,,,,
493069.0,11136.0,658.0,2.26,0.13,-0.2,117.06,96.85,3828.88,-381.0,-393.31,198025.0,0.76,3000.0,2.0,-740.62,,,,
14637,28,-332,0.19,-2.27,-54.53,895.02,55.16,577.96,-1500,-4.91,2585,2.85,-,-,-,,,,
1155.0,8.0,10.0,0.65,0.91,0.89,13.99,513.57,1440.04,68.0,38.92,7734.0,0.34,50.0,1.88,73.16,,,,
287,-5,-14,-1.59,-4.79,-5.70,29.56,216.18,74.78,-50,-29.75,791,1.88,-,-,-,,,,
2275.0,87.0,40.0,3.82,1.76,2.47,83.7,36.24,1712.11,209.0,54.24,10302.0,1.1,220.0,1.94,86.59,,,,
11214.0,421.0,355.0,3.75,3.17,6.93,69.4,114.9,1766.54,4667.0,7.81,71978.0,0.51,1161.0,3.18,23.82,,,,
7956.0,167.0,142.0,2.09,1.79,8.75,71.27,116.02,898.68,412.0,8.37,4997.0,0.69,160.0,4.64,37.53,,,,
6475.0,292.0,189.0,4.5,2.92,6.0,94.6,99.28,3050.7,924.0,8.82,15754.0,0.52,275.0,3.37,29.79,,,,
14936.0,667.0,-305.0,4.47,-2.04,0.37,84.11,92.32,3024.62,60.0,372.73,17903.0,1.24,325.0,1.46,498.97,,,,
,,,,,,,,,,,,,,,,,,,
8699,-97,-631,-1.11,-7.25,-14.15,166.55,36.90,489.92,-1390,-2.52,12385,0.28,-,-,-,,,,
86519,3641,2012,4.21,2.33,8.80,289.74,99.83,35.52,502,9.44,5984,0.79,-,-,-,,,,
9602.0,269.0,212.0,2.81,2.21,3.39,78.44,64.85,1484.11,258.0,13.13,7743.0,0.44,115.0,3.39,44.49,,,,
26826.0,1936.0,514.0,7.22,1.92,4.45,176.88,56.5,5781.6,2526.0,16.74,56549.0,0.75,400.0,0.95,16.41,,,,
3072.0,96.0,91.0,3.11,2.96,3.06,25.57,361.97,976.07,326.0,25.46,10856.0,0.77,120.0,1.44,36.34,,,,
2212,195,119,8.81,5.37,,197.27,146.78,2215.15,643,13.36,2276,3.78,,,-,,,,
4860,243,164,5.00,3.37,2.44,16.95,374.45,2549.78,302,47.33,12620,1.13,-,-,-,,,,
8457.0,411.0,530.0,4.86,6.27,14.77,78.45,117.15,493.55,3679.0,11.21,25805.0,1.6,700.0,1.7,19.4,,,,
119126.0,6799.0,5546.0,5.71,4.66,15.05,848.18,,461.54,789.0,4.8,6076.0,0.62,200.0,5.28,24.73,,,,
101180.0,3528.0,3013.0,3.49,2.98,12.8,851.25,,4269.42,2643.0,6.75,21819.0,0.82,850.0,4.76,31.54,,,,
1493,-143,-208,-9.57,-13.95,-24.55,229.75,55.01,288.39,-806,-5.65,3040,1.50,,,-,,,,
1180.0,28.0,24.0,2.35,2.06,3.75,18.39,244.42,244.95,66.0,54.61,1781.0,2.04,50.0,1.38,75.2,,,,
,,,,,,,,,,,,,,,,367  억원,7826815,,
5243.0,391.0,322.0,7.45,6.15,11.96,79.4,105.43,1249.52,546.0,22.84,4981.0,2.51,75.0,0.6,13.05,,,,
6100.0,360.0,274.0,5.9,4.49,5.8,204.8,,714.47,2055.0,10.14,54507.0,0.38,1200.0,5.76,39.42,,,,
116,-37,-370,-31.88,-319.12,-60.41,143.78,27.72,12.83,-9160,-1.44,6603,1.99,,,-,,,,
63921,4227,3238,6.61,5.07,27.49,252.51,85.92,51.11,1637,11.73,6710,2.86,-,-,-,,,,
2304009.0,277685.0,217389.0,12.05,9.44,8.69,34.12,233.57,28856.02,3166.0,17.63,37528.0,1.49,1416.0,2.54,44.73,,,,
2020.0,48.0,66.0,2.38,3.27,5.49,98.91,45.83,1708.88,487.0,52.05,9069.0,2.8,100.0,0.39,20.53,,,,
5436.0,783.0,600.0,14.4,11.04,23.14,63.52,105.03,645.92,7906.0,11.37,37663.0,2.39,800.0,0.89,10.12,,,,
24886.0,794.0,620.0,3.19,2.49,2.18,76.87,180.53,3077.36,3481.0,19.25,183426.0,0.37,2000.0,2.98,50.19,,,,
1111,-9,-19,-0.81,-1.70,-4.49,141.41,56.07,156.81,-59,-16.86,1286,0.78,-,-,-,,,,
2320.0,75.0,33.0,3.21,1.41,1.74,108.44,59.07,1701.67,156.0,74.6,9099.0,1.27,150.0,1.29,95.09,,,,
3646.0,236.0,215.0,6.46,5.9,11.65,56.64,136.55,1513.46,863.0,5.16,8026.0,0.55,190.0,4.27,20.92,,,,
10140.0,401.0,203.0,3.96,2.0,6.72,196.82,48.38,2604.89,899.0,10.45,13439.0,0.7,50.0,0.53,5.56,,,,
11390.0,1057.0,784.0,9.28,6.88,7.7,43.23,93.71,15105.26,5597.0,6.66,76699.0,0.49,500.0,1.34,8.77,,,,
6468.0,947.0,723.0,14.64,11.17,14.26,33.95,117.4,1977.29,13849.0,4.3,103836.0,0.57,625.0,1.05,4.51,,,,
4271.0,63.0,145.0,1.47,3.39,1.66,8.83,1144.77,1652.42,1437.0,25.67,88549.0,0.42,1000.0,2.71,67.87,,,,
14250.0,845.0,740.0,5.93,5.19,12.98,88.37,51.54,1577.35,2072.0,21.19,16730.0,2.62,220.0,0.5,10.62,,,,
1569.0,114.0,195.0,7.24,12.46,32.25,169.45,65.52,342.99,562.0,2.66,2500.0,0.6,60.0,4.01,8.47,,,,
,,,,,,,,,,,,,,,,"4,851  억원",73830123,,
300050.0,50462.0,36424.0,16.82,12.14,9.09,1217.47,,1475.4,7003.0,6.19,81997.0,0.53,1850.0,4.27,25.97,,,,
4222,18,-97,0.43,-2.30,-3.97,68.89,109.74,2220.27,-416,-24.65,9464,1.08,-,-,-,,,,
997.0,109.0,93.0,10.91,9.31,,16.57,190.41,1020.31,418.0,7.45,6648.0,0.47,40.0,1.28,7.74,,,,
2326,20,3,0.87,0.11,0.38,185.47,81.85,216.57,6,279.64,1646,0.99,,,-,,,,
23597.0,1483.0,998.0,6.28,4.23,7.79,59.83,68.59,8116.36,26861.0,20.63,376620.0,1.47,7500.0,1.35,26.27,,,,
20233.0,3276.0,2205.0,16.19,10.9,14.24,47.06,96.61,4940.01,5453.0,19.35,41050.0,2.57,600.0,0.57,11.0,,,,
889.0,-20.0,-140.0,-2.21,-15.74,-10.49,50.59,187.92,744.94,-620.0,-6.77,5704.0,0.74,100.0,2.38,-17.02,,,,
2696,-197,-365,-7.32,-13.54,-30.75,175.93,54.07,60.83,-634,-2.25,1900,0.75,-,-,-,,,,
2213.0,345.0,309.0,15.58,13.97,12.79,29.85,211.93,3312.62,1907.0,9.62,17201.0,1.07,330.0,1.8,15.83,,,,
4942.0,56.0,-78.0,1.13,-1.58,-4.47,170.91,56.58,2497.59,-545.0,-9.07,12354.0,0.4,100.0,2.02,-17.56,,,,
4782,65,-440,1.35,-9.21,-14.20,133.10,101.08,1029.30,-902,-2.46,6221,0.36,-,-,-,,,,
3758.0,74.0,19.0,1.97,0.49,2.05,285.16,103.17,215.38,34.0,36.96,1688.0,0.75,15.0,1.18,43.66,,,,
1644.0,138.0,132.0,8.41,8.02,8.3,35.01,302.03,1309.81,924.0,30.23,12686.0,2.2,300.0,1.07,36.4,,,,
3630,-92,-3,-2.52,-0.08,-0.10,25.07,216.31,3081.77,-16,-675.68,16555,0.64,-,-,-,,,,
6714.0,2.0,-102.0,0.03,-1.52,-5.79,137.12,84.33,2012.06,-696.0,-51.99,11554.0,3.13,70.0,0.19,-9.99,,,,
7318.0,95.0,-955.0,1.3,-13.05,-20.48,75.43,67.62,4418.87,-5665.0,-3.0,25614.0,0.66,70.0,0.41,-1.19,,,,
709,10,-1,1.36,-0.18,-0.27,91.16,33.25,88.14,-25,-621.51,9238,1.66,-,-,-,,,,
7206.0,862.0,793.0,11.96,11.01,10.03,45.22,70.7,3640.1,8988.0,11.24,93600.0,1.08,1300.0,1.29,14.46,,,,
9102,-488,-567,-5.37,-6.22,-24.74,267.37,114.77,562.81,-1636,-8.12,5615,2.37,-,-,-,,,,
4462.0,190.0,82.0,4.26,1.84,3.75,115.05,73.33,1181.5,238.0,11.56,6429.0,0.43,45.0,1.64,18.86,,,,
,,,,,,,,,,,,,,,,"1,788  억원",40400000,,
34841.0,1256.0,336.0,3.6,0.96,8.04,384.68,63.6,263.72,1411.0,6.87,17869.0,0.54,350.0,3.61,24.7,,,,
2388,30,10,1.28,0.44,1.22,70.20,168.67,179.54,16,80.07,1159,1.08,-,-,-,,,,
267,7,23,2.63,8.50,,100.17,271.78,179.75,166,24.32,1213,3.33,-,-,-,,,,
4709.0,-153.0,-232.0,-3.26,-4.93,-28.17,472.77,44.11,271.64,-579.0,-2.46,1695.0,0.84,5.0,0.35,-0.93,,,,
1720,-3,-57,-0.16,-3.31,-5.33,144.35,105.94,2781.66,-285,-34.55,5214,1.89,-,-,-,,,,
8166.0,380.0,307.0,4.65,3.77,4.73,41.06,47.68,2064.64,448.0,82.38,9595.0,3.85,189.0,0.51,41.26,,,,
16984.0,558.0,427.0,3.28,2.51,7.32,96.09,83.34,3113.32,1815.0,34.26,33659.0,1.85,1200.0,1.93,49.52,,,,
4607.0,95.0,59.0,2.07,1.28,11.43,254.38,106.61,718.78,215.0,7.14,1713.0,0.9,40.0,2.61,18.6,,,,
1730,-73,-109,-4.23,-6.29,-6.98,114.26,56.67,1246.99,-478,-4.24,7359,0.28,-,-,-,,,,
16518.0,836.0,492.0,5.06,2.98,1.38,89.39,83.05,6579.56,431.0,19.1,31212.0,0.26,430.0,5.23,99.83,,,,
1814.0,109.0,74.0,5.98,4.07,9.05,100.09,103.7,188.25,124.0,24.75,1440.0,2.12,20.0,0.65,16.18,,,,
249785.0,494.0,587.0,0.2,0.24,0.51,913.7,,243.51,116.0,19.98,16883.0,0.14,30.0,1.3,22.45,,,,
6177.0,187.0,71.0,3.03,1.14,2.13,162.46,59.91,2942.85,314.0,21.78,15071.0,0.45,130.0,1.9,30.69,,,,
172788.0,8597.0,5733.0,4.98,3.32,6.3,109.15,169.04,1138.52,3653.0,11.27,59729.0,0.69,600.0,1.46,16.41,,,,
24593,-2799,-3557,-11.38,-14.46,-37.93,362.61,55.57,59.32,-4168,-3.74,9695,1.61,-,-,-,,,,
7333.0,365.0,218.0,4.98,2.97,5.55,51.04,214.88,431.05,1434.0,6.28,26531.0,0.34,100.0,1.11,7.0,,,,
1057464.0,36055.0,31856.0,3.41,3.01,4.32,154.71,46.57,4865.48,10761.0,11.2,267549.0,0.45,4000.0,3.32,35.35,,,,
7162.0,984.0,718.0,13.74,10.03,7.93,610.72,,410.51,2322.0,4.33,25525.0,0.39,600.0,5.97,29.98,,,,
2929.0,408.0,378.0,13.93,12.91,5.19,9.71,216.67,1281.96,335.0,10.18,6731.0,0.51,60.0,1.76,17.49,,,,
3098.0,193.0,27.0,6.24,0.89,2.26,134.82,67.84,3108.62,327.0,44.41,15230.0,0.95,250.0,1.72,72.15,,,,
37595.0,1313.0,574.0,3.49,1.53,3.38,202.67,50.28,1149.46,2135.0,16.21,63415.0,0.55,750.0,2.17,34.6,,,,
19423,1220,-2391,6.28,-12.31,-57.60,652.62,57.82,994.32,-6358,-4.93,11261,2.78,-,-,-,,,,
223525.0,8969.0,1910.0,4.01,0.85,3.16,177.18,64.49,6220.8,9312.0,27.12,304614.0,0.83,3500.0,1.39,36.81,,,,
1350.0,170.0,166.0,12.61,12.3,4.68,9.83,767.23,4021.09,9196.0,6.36,204845.0,0.29,500.0,0.85,5.4,,,,
9298.0,802.0,683.0,8.63,7.34,11.5,45.62,109.9,17827.03,6584.0,4.46,68983.0,0.43,1500.0,5.11,19.9,,,,
1915.0,52.0,68.0,2.72,3.53,4.86,42.14,91.06,1862.62,469.0,9.7,9851.0,0.46,40.0,0.88,8.52,,,,
9103.0,1507.0,1099.0,16.56,12.08,25.13,41.49,125.83,6263.09,7156.0,15.65,31494.0,3.56,1000.0,0.89,13.92,,,,
90069.0,2388.0,1436.0,2.65,1.59,6.22,174.62,32.46,2758.57,1729.0,22.7,28443.0,1.38,750.0,1.91,43.38,,,,
16167.0,1281.0,2751.0,7.92,17.02,12.62,79.01,89.21,1348.89,4295.0,2.57,37398.0,0.3,200.0,1.81,4.48,,,,
7281.0,60.0,-279.0,0.83,-3.83,-20.0,265.83,64.11,244.6,-407.0,-14.74,1494.0,4.02,82.0,1.37,-20.2,,,,
471697.0,44906.0,33132.0,9.52,7.02,8.92,1225.53,,1825.59,7923.0,6.01,98898.0,0.48,2210.0,4.64,26.0,,,,
2017,-70,-197,-3.45,-9.78,-8.99,56.20,96.84,151.99,-167,-6.19,1782,0.58,-,-,-,,,,
1326,-247,-410,-18.59,-30.96,-113.29,309.20,43.16,-86.23,-855,-1.06,392,2.31,,,-,,,,
9449.0,113.0,75.0,1.2,0.8,4.72,130.38,149.98,576.94,174.0,12.98,3792.0,0.6,80.0,3.54,45.01,,,,
5203.0,260.0,171.0,4.99,3.28,12.07,123.08,67.37,838.77,523.0,15.33,4591.0,1.75,180.0,2.24,34.4,,,,
23611.0,1398.0,674.0,5.92,2.85,3.86,130.13,51.51,794.35,1591.0,32.06,44022.0,1.16,1000.0,1.96,59.32,,,,
4547.0,823.0,449.0,18.09,9.88,12.66,286.51,58.51,1766.65,2365.0,12.31,19033.0,1.53,600.0,2.06,25.37,,,,
9763.0,892.0,37.0,9.14,0.38,0.33,41.16,205.61,914.34,166.0,258.23,53249.0,0.8,1400.0,3.27,799.3,,,,
15201.0,5012.0,3347.0,32.97,22.02,9.16,19.38,274.17,3538.24,1564.0,18.92,18337.0,1.61,900.0,3.04,54.52,,,,
7743.0,448.0,279.0,5.79,3.6,9.59,102.56,50.35,2255.62,2186.0,21.31,23829.0,1.96,300.0,0.64,13.6,,,,
14521.0,1104.0,835.0,7.6,5.75,9.06,724.62,,437.14,2319.0,3.98,27528.0,0.33,400.0,4.34,16.73,,,,
5497.0,26.0,-50.0,0.48,-0.9,-3.23,141.08,51.57,1041.4,-360.0,-10.59,12073.0,0.32,80.0,2.1,-20.11,,,,
15977.0,555.0,117.0,3.47,0.73,3.2,255.23,77.65,138.41,323.0,35.65,10676.0,1.08,500.0,4.35,150.62,,,,
592,-33,-332,-5.59,-56.13,-80.13,333.73,39.41,1227.26,-3534,-1.21,3383,1.27,-,-,-,,,,
169382.0,22279.0,16143.0,13.15,9.53,7.36,1296.65,,574.73,2393.0,4.93,33567.0,0.35,670.0,5.68,23.83,,,,
13571.0,417.0,-113.0,3.07,-0.83,-0.34,65.47,127.58,1737.88,-311.0,-425.69,91888.0,1.44,1000.0,0.75,-313.76,,,,
3812.0,375.0,502.0,9.85,13.18,9.18,392.65,,64.44,710.0,3.3,8098.0,0.29,150.0,6.4,58.5,,,,
1015.0,-142.0,-193.0,-14.03,-18.98,-6.93,135.37,3.81,444.13,-1837.0,-3.26,35559.0,0.17,100.0,1.67,-3.89,,,,
7749.0,243.0,130.0,3.13,1.68,4.28,127.49,91.38,1016.85,474.0,11.06,11145.0,0.47,250.0,4.77,52.75,,,,
3178.0,351.0,269.0,11.05,8.46,14.05,60.38,112.39,2012.37,1249.0,12.5,9512.0,1.64,234.0,1.5,18.45,,,,
1563,-130,-160,-8.30,-10.21,-10.27,56.83,78.91,2432.33,-2943,-6.85,35259,0.57,-,-,-,,,,
10057,1288,1010,12.81,10.04,11.47,273.20,46.22,357.52,345,6.21,3215,0.67,-,-,-,,,,
13594,-53,-164,-0.39,-1.21,-19.84,714.60,72.89,62.71,-322,-3.87,1489,0.84,-,-,-,,,,
6123.0,566.0,709.0,9.24,11.58,11.58,56.19,156.16,1065.43,8398.0,14.17,76538.0,1.55,1000.0,0.84,11.9,,,,
3809.0,229.0,190.0,6.02,5.0,10.33,66.22,167.74,3327.03,1656.0,11.56,17159.0,1.12,200.0,1.04,11.87,,,,
62540.0,1142.0,1152.0,1.83,1.84,4.73,1205.08,,229.95,714.0,5.6,16690.0,0.24,230.0,5.75,31.11,,,,
30303.0,1014.0,657.0,3.35,2.17,10.0,130.99,62.52,3580.92,17015.0,13.28,176519.0,1.28,3000.0,1.33,17.63,,,,
4566,207,170,4.52,3.73,29.83,634.65,35.23,195.41,364,1.36,1488,0.33,-,-,-,,,,
1095.0,-65.0,5.0,-5.97,0.46,0.48,50.99,97.14,717.56,21.0,169.79,4676.0,0.75,50.0,1.43,221.43,,,,
,,,,,,,,,,,,,,,,"2,196  억원",64400000,,
13113.0,1897.0,1684.0,14.46,12.84,11.73,20.06,83.06,1080.74,6526.0,6.92,58622.0,0.77,1700.0,3.77,25.72,,,,
1558,-132,237,-8.49,15.21,4.64,21.31,107.33,9167.17,832,10.21,18597,0.46,-,-,-,,,,
361.0,6.0,6.0,1.75,1.8,1.48,26.55,161.2,267.49,11.0,188.42,734.0,2.78,5.0,0.24,46.18,,,,
8783.0,458.0,411.0,5.21,4.67,7.36,19.92,382.67,1096.86,4168.0,13.44,64595.0,0.87,1450.0,2.59,31.22,,,,
13297.0,496.0,871.0,3.73,6.55,30.57,152.65,37.35,681.88,10553.0,1.52,43195.0,0.37,150.0,0.94,1.34,,,,
2263,50,74,2.19,3.28,3.66,109.72,144.34,139.77,58,12.38,1531,0.47,-,-,-,,,,
5403.0,112.0,39.0,2.08,0.72,1.34,98.69,83.8,2283.66,143.0,35.99,12408.0,0.41,125.0,2.43,74.95,,,,
2577.0,80.0,31.0,3.09,1.22,3.06,106.18,33.54,217.92,65.0,43.26,2207.0,1.28,10.0,0.35,14.96,,,,
7233.0,161.0,67.0,2.23,0.93,0.83,35.06,107.98,6822.14,294.0,39.1,36136.0,0.32,175.0,1.52,59.28,,,,
49307.0,895.0,485.0,1.82,0.98,1.58,79.95,82.95,9736.42,7705.0,10.2,491513.0,0.16,2250.0,2.86,29.19,,,,
275,11,1,4.13,0.30,0.23,14.28,560.28,179.56,3,647.60,1388,1.43,-,-,-,,,,
1569.0,-85.0,46.0,-5.43,2.93,1.85,18.31,302.96,8152.63,760.0,10.65,41536.0,0.19,25.0,0.31,3.29,,,,
1592.0,295.0,223.0,18.55,13.98,5.04,29.32,111.04,969.89,542.0,6.01,11861.0,0.27,30.0,0.92,5.09,,,,
700,102,45,14.54,6.42,,251.41,101.69,3323.57,434,45.17,3422,5.73,-,-,-,,,,
1578.0,72.0,1.0,4.59,0.09,0.15,82.51,74.71,271.99,3.0,939.72,1951.0,1.3,10.0,0.4,353.95,,,,
2630.0,-3.0,-343.0,-0.12,-13.06,-32.05,120.51,80.27,1525.76,-2905.0,-1.37,7609.0,0.52,80.0,2.01,-2.75,,,,
1459.0,16.0,43.0,1.08,2.95,6.32,44.09,143.31,99.05,60.0,30.66,986.0,1.88,20.0,1.08,32.78,,,,
77,-133,-253,-172.33,-327.34,-813.04,486.02,59.42,23.52,-4109,-1.28,282,18.67,,,-,,,,
55801.0,4278.0,2238.0,7.67,4.01,5.36,33.12,113.73,13322.35,3460.0,57.8,65539.0,3.05,1000.0,0.5,28.71,,,,
29238.0,520.0,258.0,1.78,0.88,4.31,157.16,132.15,2160.62,447.0,23.27,11236.0,0.93,600.0,5.77,121.7,,,,
993,-70,-663,-7.09,-66.75,-39.04,21.16,369.19,91.44,-453,-3.85,950,1.84,-,-,-,,,,
783,-47,-112,-6.02,-14.30,-48.48,281.29,23.91,-40.11,-906,-4.63,1606,2.61,,,-,,,,
782,26,183,3.28,23.42,-4.66,25.05,191.81,301.26,-79,-34.42,1754,1.55,-,-,-,,,,
17012.0,4790.0,3592.0,28.16,21.11,14.72,33.21,287.7,25668.24,16320.0,33.15,121275.0,4.46,5220.0,0.96,30.03,,,,
1312.0,84.0,48.0,6.44,3.62,3.56,23.23,187.18,1352.53,256.0,13.61,7460.0,0.47,100.0,2.87,38.08,,,,
,,,,,,,,,,,,,,,,,,,
1068.0,38.0,23.0,3.54,2.13,2.83,103.05,95.88,308.55,55.0,42.61,2045.0,1.15,50.0,2.12,90.27,,,,
15137.0,66.0,-220.0,0.43,-1.45,-3.26,181.91,90.81,226.89,-572.0,-16.8,17554.0,0.55,362.0,3.77,-60.24,,,,
238,39,110,16.52,45.99,25.56,61.39,66.62,135.72,256,2.77,1257,0.56,-,-,-,,,,
2025,-16,-32,-0.78,-1.60,-5.02,138.41,43.97,117.52,-55,-43.13,1063,2.23,-,-,-,,,,
5735.0,120.0,107.0,2.08,1.87,5.87,97.5,177.97,769.94,2448.0,11.73,44873.0,0.64,1250.0,4.36,48.12,,,,
2922.0,-238.0,-372.0,-8.14,-12.73,-14.91,150.05,56.68,1163.63,-1946.0,-5.44,12183.0,0.87,95.0,0.9,-4.79,,,,
1951.0,123.0,78.0,6.33,4.02,6.15,68.41,75.27,4215.4,13076.0,11.43,215770.0,0.69,6000.0,4.01,45.89,,,,
6649,133,137,1.99,2.07,0.97,1253.66,,-8.04,51,,4598,-,,,-,,,,
5434,139,21,2.55,0.39,0.21,22.59,293.60,2389.22,25,475.20,12434,0.96,-,-,-,,,,
4068,-52,-145,-1.28,-3.57,-12.05,123.58,59.08,60.14,-604,-8.86,4095,1.31,-,-,-,,,,
1129,31,21,2.73,1.88,8.97,205.35,33.82,62.77,70,18.41,811,1.59,-,-,-,,,,
42844.0,1344.0,-183.0,3.14,-0.43,-3.52,427.42,50.3,801.52,-1625.0,-10.8,40556.0,0.43,500.0,2.85,-31.01,,,,
3303.0,103.0,54.0,3.12,1.63,2.75,71.37,57.57,420.0,143.0,31.33,5200.0,0.86,70.0,1.56,48.95,,,,
1471,198,32,13.45,2.16,,121.95,104.52,27.40,18,44.29,451,1.72,-,-,-,,,,
10875,3593,2789,33.04,25.64,99.21,69.41,202.97,11591.73,7198,,14528,-,,,-,,,,
22607.0,1920.0,1675.0,8.49,7.41,4.34,25.07,162.71,58834.95,122200.0,8.67,3777146.0,0.28,1550.0,0.15,0.96,,,,
29671.0,2764.0,995.0,9.31,3.35,8.38,276.48,94.83,2866.91,1152.0,5.19,16307.0,0.37,150.0,2.51,11.7,,,,
2108,44,-774,2.10,-36.72,-53.17,63.01,50.75,900.27,-3711,-0.74,5163,0.53,-,-,-,,,,
14838.0,899.0,1012.0,6.06,6.82,11.57,71.93,110.35,3174.65,1588.0,29.1,15540.0,2.97,380.0,0.82,24.14,,,,
20351.0,882.0,-424.0,4.34,-2.08,-3.86,216.58,44.52,202.85,-594.0,-48.8,14796.0,1.96,700.0,2.41,-115.48,,,,
107713.0,9418.0,8472.0,8.74,7.87,18.14,1107.36,,1550.79,13724.0,5.28,85684.0,0.84,2900.0,4.01,20.08,,,,
2170,-121,-238,-5.58,-10.96,-11.06,60.94,94.63,291.22,-266,-2.75,2443,0.30,-,-,-,,,,
151826,2902,2131,1.91,1.40,1.40,93.83,60.52,5274.30,2318,54.56,163572,0.77,-,-,-,,,,
2189.0,-16.0,-13.0,-0.74,-0.58,-1.17,160.06,65.32,2005.58,-116.0,-33.83,10528.0,0.37,100.0,2.55,-86.18,,,,
68833.0,5440.0,4296.0,7.9,6.24,6.03,41.43,112.07,11812.77,3387.0,9.91,57785.0,0.58,550.0,1.64,16.24,,,,
9540.0,149.0,109.0,1.56,1.15,5.35,185.92,71.25,597.0,373.0,5.9,7092.0,0.31,50.0,2.27,13.41,,,,
11136.0,1039.0,639.0,9.33,5.73,7.3,132.74,71.05,2542.54,4230.0,67.5,59095.0,4.83,471.0,0.17,11.07,,,,
71542.0,4838.0,3226.0,6.76,4.51,14.98,202.99,109.83,4305.47,597.0,18.69,4153.0,2.68,320.0,2.87,53.63,,,,
1085,171,192,15.76,17.68,14.90,36.30,433.13,418.25,367,98.90,2744,13.23,-,-,-,,,,
504124.0,11257.0,2311.0,2.23,0.46,2.09,898.06,63.17,834.76,919.0,27.21,48086.0,0.52,700.0,2.8,72.88,,,,
57173.0,2959.0,1694.0,5.17,2.96,20.16,283.59,59.33,411.78,4243.0,21.4,24282.0,3.74,350.0,0.39,7.83,,,,
14259.0,1136.0,809.0,7.96,5.67,19.66,180.25,56.21,953.48,1066.0,11.17,6123.0,1.94,45.0,0.38,4.12,,,,
2065.0,69.0,75.0,3.33,3.61,2.55,26.39,269.07,1870.54,3388.0,11.81,134845.0,0.3,1250.0,3.13,36.89,,,,
1592.0,262.0,186.0,16.44,11.69,,11.09,420.11,2837.25,1005.0,15.37,17933.0,0.86,300.0,1.94,24.5,,,,
31756.0,2021.0,1500.0,6.36,4.72,4.25,140.83,32.58,6917.55,4921.0,16.08,120034.0,0.66,5000.0,6.32,98.04,,,,
18125.0,1539.0,878.0,8.49,4.85,21.37,353.81,73.85,2677.9,27530.0,5.25,143089.0,1.01,5000.0,3.46,18.09,,,,
42682,444,384,1.04,0.90,5.51,1676.58,,118.51,590,5.20,10926,0.28,-,-,-,,,,
59461.0,1966.0,1514.0,3.31,2.55,26.46,248.93,68.71,3372.48,8758.0,19.35,36040.0,4.7,2700.0,1.59,30.81,,,,
104166.0,7673.0,4475.0,7.37,4.3,11.79,217.91,92.34,906.31,5552.0,5.59,50056.0,0.62,1000.0,3.22,17.91,,,,
623062.0,24361.0,1799.0,3.91,0.29,0.22,173.12,74.78,1634.72,173.0,416.75,79582.0,0.91,750.0,1.04,434.42,,,,
8177.0,126.0,209.0,1.54,2.56,3.45,92.82,144.32,545.85,1079.0,19.27,32810.0,0.63,150.0,0.72,13.47,,,,
930,48,8,5.13,0.81,0.59,56.90,55.49,638.50,17,102.96,2893,0.60,-,-,-,,,,
741.0,10.0,10.0,1.37,1.3,2.83,91.18,97.7,470.07,793.0,27.05,28118.0,0.76,100.0,0.47,12.61,,,,
978115.0,37359.0,16060.0,3.82,1.64,4.3,154.16,79.31,119875.22,10108.0,25.92,315570.0,0.83,5000.0,1.91,37.37,,,,
49311.0,1896.0,1541.0,3.84,3.13,9.85,145.81,76.16,3606.85,17212.0,4.92,185881.0,0.46,2971.0,3.51,16.71,,,,
50211.0,1739.0,2502.0,3.46,4.98,11.52,115.22,70.77,2400.51,8844.0,2.96,82553.0,0.32,700.0,2.68,7.95,,,,
6409,415,163,6.48,2.54,5.51,377.22,31.99,2444.97,735,16.06,9893,1.19,-,-,-,,,,
,,,,,,,,,,,,,,,,1조  142  억원,196554079,,
2540,-107,-359,-4.21,-14.13,-24.22,244.26,48.05,479.85,-1278,-2.39,4630,0.66,-,-,-,,,,
1136,45,-42,3.98,-3.74,-3.48,40.16,100.48,204.78,-55,-24.69,1562,0.88,-,-,-,,,,
2717.0,229.0,89.0,8.42,3.26,2.26,46.06,228.27,5767.49,3850.0,9.52,180241.0,0.2,500.0,1.36,12.4,,,,
2231,-42,-45,-1.91,-2.03,-7.94,104.22,133.41,288.90,-212,-5.83,2392,0.52,,,-,,,,
1111,56,-48,5.01,-4.29,-7.35,120.81,74.96,127.70,-236,-17.94,3156,1.34,-,-,-,,,,
1727,92,-109,5.33,-6.31,-14.85,228.35,73.66,167.70,-247,-9.71,1725,1.39,-,-,-,,,,
23692,574,-434,2.42,-1.83,-3.29,203.99,68.57,-10.36,-151,-27.76,4500,0.93,-,-,-,,,,
3248,116,145,3.56,4.46,8.33,65.01,141.78,229.91,131,24.65,1621,1.99,-,-,-,,,,
5367.0,413.0,366.0,7.69,6.82,4.03,31.92,59.43,3888.35,7887.0,9.95,198514.0,0.4,2000.0,2.55,25.36,,,,
2162,31,19,1.42,0.87,1.51,74.11,102.05,1474.23,123,56.65,8222,0.85,-,-,-,,,,
20743.0,1138.0,1063.0,5.49,5.13,6.11,13.94,331.19,4252.26,16360.0,7.18,287983.0,0.41,2500.0,2.13,14.52,,,,
5138.0,1546.0,1103.0,30.09,21.46,18.93,66.07,204.71,7201.94,6040.0,8.25,38381.0,1.3,350.0,0.7,5.35,,,,
1246.0,78.0,65.0,6.26,5.19,4.79,41.46,207.2,2031.02,473.0,14.53,11682.0,0.59,250.0,3.64,45.4,,,,
5054.0,416.0,1405.0,8.23,27.81,10.53,9.42,1212.08,2486.87,1373.0,12.67,13550.0,1.28,700.0,4.02,50.45,,,,
8498.0,518.0,250.0,6.1,2.94,2.0,103.27,76.0,559.87,124.0,42.1,6403.0,0.82,200.0,3.83,156.15,,,,
5391.0,-201.0,-23.0,-3.73,-0.42,-0.05,24.2,116.1,732.5,-2.0,-882.76,4063.0,0.35,40.0,2.79,-2094.47,,,,
1634,37,18,2.27,1.09,2.24,105.68,65.54,34.48,15,69.50,671,1.55,-,-,-,,,,
10424.0,752.0,468.0,7.21,4.49,8.69,101.23,121.99,234.62,1474.0,19.94,17664.0,1.66,500.0,1.7,33.69,,,,
1274.0,10.0,11.0,0.77,0.88,0.85,12.62,447.94,1638.64,66.0,34.58,7695.0,0.3,9.0,0.39,13.43,,,,
8543.0,441.0,321.0,5.16,3.75,4.73,59.08,137.31,2708.33,623.0,9.03,13946.0,0.4,150.0,2.66,23.2,,,,
2417,-150,-175,-6.22,-7.25,-18.17,108.34,34.62,-1.01,-512,-6.49,2593,1.28,-,-,-,,,,
,,,,,,,,,,,,,,,,"4조  5,343  억원",404845547,,
223151.0,9623.0,7871.0,4.31,3.53,15.26,935.99,,8309.75,2841.0,4.15,20399.0,0.58,550.0,4.66,18.61,,,,
869,-20,-254,-2.32,-29.19,-40.07,67.71,121.95,112.14,-2506,-2.61,5437,1.20,-,-,-,,,,
2076.0,97.0,114.0,4.67,5.47,2.8,8.08,1188.77,2484.26,344.0,25.72,18539.0,0.48,300.0,3.39,58.14,,,,
34858.0,1407.0,1095.0,4.04,3.14,4.98,1527.03,,139.73,553.0,7.48,14639.0,0.28,170.0,4.11,35.2,,,,
1547.0,155.0,135.0,10.01,8.73,14.07,16.57,274.1,4614.07,6166.0,7.23,50578.0,0.88,1000.0,2.24,14.95,,,,
4689.0,320.0,62.0,6.83,1.33,4.9,132.43,88.88,967.04,282.0,31.9,5987.0,1.5,100.0,1.11,34.68,,,,
2761,115,197,4.15,7.14,32.82,97.81,175.33,243.86,794,4.12,2819,1.16,-,-,-,,,,
7016,917,496,13.08,7.07,1.44,39.69,97.46,1564.97,741,577.28,40885,10.47,-,-,-,,,,
66562.0,5176.0,3918.0,7.78,5.89,8.15,803.76,,979.5,4388.0,8.8,55423.0,0.7,1700.0,4.4,38.74,,,,
32934.0,4497.0,3441.0,13.65,10.45,5.04,219.56,,1087.44,2970.0,13.0,64628.0,0.6,1600.0,4.14,49.62,,,,
2742.0,92.0,324.0,3.35,11.82,9.59,29.25,224.68,3958.1,1809.0,8.79,20113.0,0.79,334.0,2.1,18.02,,,,
1211.0,48.0,8.0,3.98,0.65,1.33,195.28,83.32,898.21,60.0,174.02,5083.0,2.07,75.0,0.71,116.87,,,,
1471,67,47,4.56,3.18,2.56,11.73,266.07,1377.02,1868,17.58,73851,0.44,,,-,,,,
342,-54,-80,-15.81,-23.50,-6.42,208.12,,60.61,-93,-14.28,1622,0.82,-,-,-,,,,
2808.0,310.0,268.0,11.04,9.55,18.57,43.8,112.73,6807.63,5870.0,5.79,34388.0,0.99,200.0,0.59,3.41,,,,
19768.0,219.0,-483.0,1.11,-2.44,-7.35,192.88,70.81,4347.27,-1721.0,-2.87,22612.0,0.22,100.0,2.03,-5.81,,,,
419.0,-44.0,-29.0,-10.4,-6.85,-1.91,17.6,292.79,933.72,-143.0,-31.13,7390.0,0.6,135.0,3.03,-93.38,,,,
7074.0,208.0,174.0,2.94,2.46,4.43,157.18,42.9,195.88,690.0,10.11,16107.0,0.43,150.0,2.15,21.59,,,,
29365.0,438.0,192.0,1.49,0.65,0.93,80.37,70.09,702.54,480.0,31.78,51897.0,0.29,300.0,1.97,62.06,,,,
8143.0,593.0,350.0,7.28,4.3,8.25,105.76,68.51,3517.82,1448.0,10.74,17944.0,0.87,150.0,0.96,10.36,,,,
4028,72,21,1.79,0.52,1.77,240.99,41.38,110.26,12,78.78,835,1.14,-,-,-,,,,
13201.0,222.0,44.0,1.68,0.33,1.38,132.71,61.68,1538.94,1124.0,62.54,81373.0,0.86,750.0,1.07,66.72,,,,
15385.0,2292.0,1311.0,14.9,8.52,6.99,86.97,87.79,265.98,259.0,21.93,3564.0,1.59,420.0,7.41,162.48,,,,
407,-30,-45,-7.27,-10.94,-14.38,73.27,62.27,21.89,-224,-6.12,1915,0.72,,,-,,,,
62843.0,4982.0,2824.0,7.93,4.49,4.12,27.8,176.81,7355.32,1498.0,55.21,37530.0,2.2,300.0,0.36,22.98,,,,
7706.0,715.0,743.0,9.27,9.64,6.1,126.44,116.94,6959.62,2139.0,15.4,35591.0,0.93,700.0,2.12,32.7,,,,
5064,246,83,4.87,1.63,9.46,139.67,60.39,3037.91,445,,5631,-,,,2.96,,,,
7013.0,606.0,416.0,8.64,5.94,12.86,33.4,204.29,1181.93,1581.0,17.97,12827.0,2.21,450.0,1.58,28.54,,,,
10170.0,469.0,304.0,4.61,2.99,8.62,36.9,113.04,2196.62,952.0,8.61,11507.0,0.71,350.0,4.27,36.21,,,,
14886,867,232,5.82,1.56,0.78,36.73,159.38,16742.29,329,105.95,43088,0.81,-,-,-,,,,
12677.0,1131.0,845.0,8.92,6.67,47.71,112.22,60.31,2450.79,4787.0,7.89,12735.0,2.96,500.0,1.32,10.43,,,,
11082.0,221.0,221.0,2.0,2.0,3.61,153.58,135.39,1907.02,3278.0,11.41,129139.0,0.29,1750.0,4.68,37.95,,,,
3408.0,-36.0,119.0,-1.05,3.48,7.17,93.88,94.83,1065.12,3858.0,7.62,67440.0,0.44,150.0,0.51,3.24,,,,
8199,752,-2375,9.17,-28.97,-112.11,995.05,21.21,37.24,-2286,-0.68,850,1.82,-,-,-,,,,
1088,179,162,16.48,14.88,21.11,91.26,52.50,123.41,234,7.74,1255,1.44,-,-,-,,,,
207.0,62.0,62.0,30.22,30.1,1.36,35.43,,562.86,84.0,29.45,7469.0,0.33,120.0,4.86,120.82,,,,
2103.0,6.0,-34.0,0.31,-1.6,-3.26,160.15,24.43,336.67,-100.0,-17.72,3027.0,0.59,30.0,1.69,-29.86,,,,
12743.0,1219.0,946.0,9.56,7.42,9.88,165.75,143.5,7879.52,3681.0,19.26,38184.0,1.86,1500.0,2.12,40.75,,,,
190629.0,1507.0,2238.0,0.79,1.17,2.76,106.68,33.05,5044.76,8391.0,15.2,326681.0,0.39,2000.0,1.57,23.06,,,,
484.0,-13.0,67.0,-2.6,13.88,2.01,6.95,1350.66,3145.9,2526.0,32.5,225255.0,0.36,750.0,0.91,17.12,,,,
2531.0,111.0,82.0,4.39,3.25,5.26,28.5,175.73,12232.05,615.0,20.39,12408.0,1.01,500.0,3.98,77.4,,,,
34217.0,2058.0,1395.0,6.02,4.08,15.09,135.44,158.36,5735.51,1200.0,20.04,9347.0,2.57,820.0,3.41,60.16,,,,
1372.0,154.0,123.0,11.24,8.94,,47.26,107.95,1127.67,2236.0,13.2,29422.0,1.0,191.0,0.65,8.36,,,,
23679,422,-256,1.78,-1.08,-1.66,285.29,60.73,2547.22,-2209,-21.41,132086,0.36,-,-,-,,,,
5421.0,219.0,153.0,4.04,2.81,11.17,252.44,127.39,767.81,921.0,7.11,8816.0,0.74,300.0,4.58,31.87,,,,
779.0,-29.0,-27.0,-3.75,-3.51,-2.67,44.96,45.61,1505.43,-219.0,-16.91,8030.0,0.46,100.0,2.7,-45.64,,,,
445,-27,-21,-6.17,-4.71,-7.56,40.55,96.24,344.23,-161,-26.62,2050,2.09,-,-,-,,,,
,,,,,,,,,,,,,,,,461  억원,48060774,,
2439,-36,-18,-1.49,-0.74,-1.50,75.26,99.68,379.03,-77,-115.49,5167,1.72,-,-,-,,,,
9716.0,432.0,112.0,4.45,1.16,6.99,232.72,30.37,513.26,225.0,11.77,3710.0,0.71,30.0,1.13,12.45,,,,
418.0,34.0,43.0,8.05,10.25,3.86,14.65,483.5,2781.37,441.0,30.13,19745.0,0.67,550.0,4.14,72.25,,,,
,,,,,,,,,,,,,,,,,,,
11650.0,202.0,-80.0,1.74,-0.68,-2.77,226.44,46.24,1722.54,-225.0,-20.41,8367.0,0.55,50.0,1.09,-21.15,,,,
2143,11,-,0.52,0.01,0.03,83.55,82.67,1171.12,2,1214.37,6386,0.30,10,0.52,633.89,,,,
347,-153,-178,-44.05,-51.38,-69.31,225.08,57.70,125.15,-3223,-0.98,3417,0.93,-,-,-,,,,
2716.0,193.0,180.0,7.1,6.64,7.51,24.34,206.76,1139.43,4505.0,4.39,61942.0,0.32,600.0,3.03,13.32,,,,
8476.0,1709.0,1633.0,20.16,19.27,4.71,6.76,277.77,7096.88,1627.0,8.85,35779.0,0.4,350.0,2.43,21.21,,,,
2233.0,1141.0,888.0,51.09,39.75,14.15,87.18,,1093.93,716.0,4.71,5403.0,0.62,182.0,5.4,25.07,,,,
591729,-12765,-22635,-2.16,-3.82,-3.42,186.83,48.79,1597.36,-3654,-7.61,105140,0.26,-,-,-,,,,
363,-49,-136,-13.52,-37.40,-35.06,50.59,63.85,484.76,-1199,-1.57,2890,0.65,-,-,-,,,,
3463,148,263,4.27,7.59,6.00,46.10,102.30,149.16,536,7.33,10328,0.38,,,-,,,,
528.0,22.0,16.0,4.11,3.06,2.01,16.04,342.54,401.08,50.0,33.55,2548.0,0.66,15.0,0.9,29.52,,,,
9462.0,590.0,405.0,6.23,4.28,4.61,55.97,162.41,4182.77,977.0,9.56,21401.0,0.44,470.0,5.03,48.1,,,,
52641,1652,1624,3.14,3.09,5.45,204.99,96.80,710.70,2555,13.72,48217,0.73,,,-,,,,
5393.0,278.0,-347.0,5.16,-6.43,-13.11,210.04,34.43,1896.74,-1192.0,-6.02,9178.0,0.78,150.0,2.09,-11.46,,,,
182701.0,8765.0,5023.0,4.8,2.75,11.25,116.9,113.97,24779.52,13395.0,10.68,124541.0,1.15,3500.0,2.45,26.13,,,,
54567,1295,-889,2.37,-1.63,,146.66,56.38,1281.57,-2164,,79450,-,,,-,,,,
,,,,,,,,,,,,,,,,,,,
3882.0,130.0,108.0,3.36,2.79,21.77,208.04,66.2,738.27,871.0,19.16,4292.0,3.89,500.0,2.99,55.68,,,,
1947,88,80,4.50,4.09,7.10,125.27,82.64,73.40,564,12.89,8562,0.85,-,-,-,,,,
10003.0,156.0,421.0,1.57,4.21,15.18,419.16,42.11,639.52,982.0,5.06,6802.0,0.73,300.0,6.04,30.56,,,,
52795.0,8069.0,5989.0,15.28,11.34,7.07,1038.62,,463.39,1725.0,4.44,25416.0,0.3,360.0,4.7,20.87,,,,
104151,3072,509,2.95,0.49,1.41,149.23,80.00,2489.33,1741,89.01,164787,0.94,-,-,-,,,,
16604.0,1360.0,7103.0,8.19,42.78,11.74,99.58,104.08,2685.75,17228.0,5.25,153815.0,0.59,1300.0,1.44,7.57,,,,
,,,,,,,,,,,,,,,,,,,
16288,838,3062,5.15,18.80,-132.20,908.28,37.62,-55.68,5184,0.96,2943,1.69,-,-,-,,,,
13049,677,27,5.19,0.21,0.97,508.34,62.02,7.79,51,58.86,5435,0.55,-,-,-,,,,
55131,-2997,-5898,-5.44,-10.70,-55.46,556.71,74.22,-180.13,-1860,-1.91,3420,1.04,-,-,-,,,,
9727.0,634.0,758.0,6.52,7.79,5.55,22.66,169.06,2894.92,8130.0,6.69,154553.0,0.35,2600.0,4.78,30.93,,,,
76854.0,11764.0,7882.0,15.31,10.26,20.32,53.26,79.99,4822.48,43916.0,28.71,247477.0,5.1,11000.0,0.87,23.7,,,,
273531.0,8254.0,3761.0,3.02,1.38,1.84,95.73,76.23,4362.05,4003.0,79.31,221961.0,1.43,2000.0,0.63,49.02,,,,
14527.0,181.0,32.0,1.25,0.22,,265.55,65.69,410.37,145.0,218.25,28817.0,1.1,600.0,1.9,414.4,,,,
,,,,,,,,,,,,,,,,"1,376  억원",42200000,,
115035.0,5754.0,4764.0,5.0,4.14,9.12,828.68,,253.08,1584.0,8.02,17974.0,0.71,500.0,3.94,31.7,,,,
18738.0,1538.0,777.0,8.21,4.15,4.39,109.61,96.36,3525.26,771.0,27.11,18100.0,1.15,230.0,1.1,29.83,,,,
1482.0,121.0,64.0,8.15,4.33,5.91,133.28,22.92,629.99,224.0,9.85,3877.0,0.57,50.0,2.26,22.28,,,,
1409,-31,-31,-2.22,-2.19,-2.84,24.66,886.13,76.30,-26,-39.73,881,1.16,-,-,-,,,,
130542.0,1094.0,-1226.0,0.84,-0.94,-5.85,339.81,38.14,249.53,-530.0,-11.21,8989.0,0.66,120.0,2.02,-21.96,,,,
5502.0,214.0,312.0,3.89,5.67,5.62,626.02,,140.87,66.0,9.26,1226.0,0.5,10.0,1.65,14.96,,,,
177407.0,11082.0,8607.0,6.25,4.85,3.91,98.11,97.19,56328.7,2201.0,21.62,62760.0,0.76,2000.0,4.2,82.15,,,,
3588.0,236.0,164.0,6.57,4.56,6.57,98.83,57.44,970.78,345.0,22.44,5370.0,1.44,50.0,0.65,14.56,,,,
133.0,-16.0,2.0,-12.11,1.83,0.45,4.42,2251.66,601.73,155.0,133.14,40941.0,0.5,250.0,1.21,136.84,,,,
3801,394,295,10.35,7.77,43.70,97.00,72.26,715.93,1411,,3835,-,,,6.78,,,,
1246.0,93.0,87.0,7.43,6.97,3.69,6.08,832.48,1529.3,298.0,9.66,8125.0,0.35,150.0,5.22,50.42,,,,
2834.0,148.0,135.0,5.24,4.76,20.68,138.08,96.38,166.86,299.0,4.25,1601.0,0.79,30.0,2.36,9.85,,,,
20223.0,2074.0,1185.0,10.25,5.86,7.94,120.56,113.71,2732.18,1135.0,8.04,15139.0,0.6,105.0,1.15,9.14,,,,
23439.0,788.0,711.0,3.36,3.03,3.72,36.7,142.65,6571.96,11672.0,20.61,333399.0,0.72,4000.0,1.66,32.58,,,,
7.0,-21.0,676.0,-280.88,9174.18,6.7,14.26,301.96,2546.85,832.0,12.57,14929.0,0.7,300.0,2.87,32.33,,,,
450.0,17.0,45.0,3.8,10.08,3.26,21.72,675.57,2156.69,419.0,7.36,16173.0,0.19,500.0,16.21,97.78,,,,
2364.0,41.0,20.0,1.75,0.86,1.37,93.95,92.05,865.55,132.0,31.62,9705.0,0.43,130.0,3.11,97.46,,,,
1516,32,35,2.14,2.29,7.06,35.66,165.38,281.49,132,113.98,1907,7.89,,,-,,,,
11134.0,447.0,289.0,4.01,2.59,4.34,95.88,132.16,1871.55,1899.0,72.4,50317.0,2.73,600.0,0.44,28.14,,,,
8990.0,170.0,47.0,1.89,0.52,2.75,167.87,44.4,235.93,56.0,25.68,2397.0,0.59,10.0,0.7,15.21,,,,
15547,332,-126,2.14,-0.81,-3.99,295.04,57.67,45.19,-13,-44.27,318,1.78,-,-,-,,,,
123843,1761,-6228,1.42,-5.03,-22.09,871.45,32.58,93.10,-4197,-4.40,17723,1.04,-,-,-,,,,
1175,-9,-35,-0.81,-2.98,-12.62,206.93,40.98,-20.45,-129,-21.82,974,2.89,,,-,,,,
56584,1646,-817,2.91,-1.44,-3.63,179.63,40.61,167.65,-718,-8.29,19568,0.30,-,-,-,,,,
45096.0,4770.0,2721.0,10.58,6.03,7.05,68.49,62.39,8815.47,2714.0,12.65,39692.0,0.87,1200.0,3.49,44.21,,,,
6849.0,174.0,137.0,2.55,1.99,2.25,79.32,49.62,4169.29,423.0,16.92,25253.0,0.28,142.0,1.99,24.54,,,,
5378,-320,-557,-5.95,-10.35,-33.70,318.95,28.08,575.71,-1659,-1.25,3983,0.52,-,-,-,,,,
884,-162,-147,-18.27,-16.60,-4.90,88.11,19.52,756.57,-213,-67.27,4460,3.21,-,-,-,,,,
20930.0,973.0,416.0,4.65,1.99,3.19,108.81,104.32,37856.29,5932.0,25.2,188635.0,0.79,1300.0,0.87,21.9,,,,
24295.0,1077.0,-1440.0,4.43,-5.93,-11.68,165.19,54.45,43011.8,-16243.0,-8.62,147638.0,0.95,2700.0,1.93,-15.57,,,,
151235.0,11073.0,7567.0,7.32,5.0,5.51,42.62,169.05,7608.48,20860.0,10.74,385244.0,0.58,6700.0,2.99,32.12,,,,
,,,,,,,,,,,,,,,,966  억원,26580000,,
,,,,,,,,,,,,,,,,"3,834  억원",92834331,,
75,1,140,1.84,187.52,22.50,3.90,1226.22,444.14,108,3.00,540,0.60,-,-,-,,,,
,,,,,,,,,,,,,,,,"1,109  억원",29060000,,
,,,,,,,,,,,,,,,,456  억원,15200004,,
1410.0,86.0,69.0,6.13,4.92,7.2,75.18,99.98,953.21,3684.0,39.5,52812.0,2.76,250.0,0.17,6.79,,,,
2046,-89,-216,-4.36,-10.55,-52.37,838.02,20.26,-67.22,-510,-0.92,709,0.66,-,-,-,,,,
7354.0,182.0,-144.0,2.48,-1.96,-3.13,134.51,52.54,1455.74,-2557.0,-14.59,80809.0,0.46,150.0,0.4,-5.8,,,,
3489,97,-56,2.79,-1.62,-2.66,70.43,63.31,1112.04,-328,-16.14,11862,0.45,-,-,-,,,,
446,-65,69,-14.52,15.45,4.99,18.00,217.35,295.89,117,35.71,2423,1.73,-,-,,,,,
2693.0,108.0,104.0,4.01,3.87,5.03,18.82,292.08,948.79,261.0,11.58,5264.0,0.57,115.0,3.81,43.96,,,,
1955.0,36.0,27.0,1.83,1.37,0.97,20.97,150.34,2140.21,211.0,36.16,21895.0,0.35,38.0,0.5,18.03,,,,
1160.0,91.0,84.0,7.84,7.2,,64.48,142.66,1325.37,3876.0,11.75,79015.0,0.58,1350.0,2.96,29.69,,,,
22026.0,332.0,-953.0,1.51,-4.33,-13.31,175.2,69.61,8412.11,-2554.0,-1.14,19459.0,0.15,50.0,1.71,-1.81,,,,
7175.0,195.0,110.0,2.71,1.53,3.47,75.07,97.73,652.11,1280.0,10.51,37702.0,0.36,900.0,6.69,69.02,,,,
2959.0,94.0,31.0,3.16,1.05,1.52,151.7,32.18,617.63,42.0,74.33,2771.0,1.12,14.0,0.44,32.36,,,,
11285.0,3815.0,3014.0,33.81,26.71,11.47,34.35,224.94,2154.5,2151.0,81.11,19863.0,8.78,,,2.11,,,,
10272,414,3,4.03,0.03,0.15,271.94,37.15,218.37,2,733.95,1606,1.09,,,-,,,,
,,,,,,,,,,,,,,,,"2,126  억원",55955884,,
36239,-2819,-3414,-7.78,-9.42,-62.27,400.89,27.50,-46.47,-22220,-0.30,26103,0.25,-,-,-,,,,
256,42,6,16.49,2.40,1.28,14.14,165.89,202.48,20,196.86,1598,2.41,-,-,-,,,,
7994.0,601.0,347.0,7.52,4.34,9.92,98.9,98.07,4395.39,874.0,20.63,9821.0,1.84,218.0,1.21,22.33,,,,
6977.0,711.0,614.0,10.19,8.81,10.99,45.03,161.18,1205.67,6860.0,4.37,65302.0,0.46,600.0,2.0,8.75,,,,
3636,-28,-38,-0.78,-1.03,-6.42,143.71,97.87,100.41,-61,-18.56,980,1.15,-,-,-,,,,
1577.0,65.0,76.0,4.09,4.8,4.23,25.97,237.52,2292.75,438.0,8.77,10621.0,0.36,125.0,3.26,28.54,,,,
737,-98,-266,-13.36,-36.13,-24.96,58.84,78.76,171.16,-333,-3.39,1172,0.96,-,-,-,,,,
4545.0,198.0,144.0,4.37,3.16,5.29,42.07,130.25,1214.46,343.0,10.92,6756.0,0.55,100.0,2.67,29.3,,,,
23468.0,1685.0,1030.0,7.18,4.39,7.82,86.26,155.67,831.73,3462.0,15.77,46397.0,1.18,1200.0,2.2,33.88,,,,
23883.0,2376.0,1743.0,9.95,7.3,9.82,57.67,154.21,6954.16,3753.0,9.13,42025.0,0.81,400.0,1.17,10.55,,,,
27380.0,2990.0,2277.0,10.92,8.32,9.6,47.12,184.99,15979.95,8870.0,5.43,118552.0,0.41,1000.0,2.07,9.59,,,,
1294,-41,-138,-3.19,-10.66,-3.41,114.75,41.58,64.36,-287,-20.93,8222,0.73,-,-,-,,,,
2534,19,40,0.75,1.58,4.06,174.03,64.54,1203.86,248,20.15,6903,0.72,-,-,-,,,,
1818,-83,-136,-4.58,-7.48,-22.80,408.80,33.64,906.25,-680,-2.54,2632,0.66,-,-,-,,,,
8752.0,848.0,675.0,9.69,7.71,9.87,51.84,108.81,1604.05,7600.0,6.15,79982.0,0.58,1200.0,2.57,15.79,,,,
21318,718,809,3.37,3.80,6.60,876.60,,24.25,381,7.52,6150,0.47,,,-,,,,
9767.0,582.0,413.0,5.96,4.23,5.36,880.08,,46.93,427.0,5.37,8153.0,0.28,70.0,3.06,16.4,,,,
2797.0,96.0,10.0,3.44,0.36,0.44,136.8,40.02,233.27,71.0,104.16,16664.0,0.45,200.0,2.69,274.15,,,,
1316.0,66.0,49.0,5.03,3.76,2.23,23.58,321.79,2585.99,289.0,54.26,13003.0,1.21,343.0,2.19,116.95,,,,
98,-22,131,-22.96,133.98,29.38,37.76,43.43,244.82,397,7.52,1709,1.75,-,-,-,,,,
758,49,-242,6.43,-31.93,-86.00,96.82,144.83,-42.23,-263,-11.64,263,11.62,,,-,,,,
2404.0,372.0,279.0,15.47,11.62,5.75,1144.3,,209.82,869.0,4.66,15491.0,0.26,100.0,2.47,11.5,,,,
2034.0,-4.0,-23.0,-0.18,-1.14,-1.33,80.94,60.13,2735.75,-181.0,-30.44,16451.0,0.33,200.0,3.64,-90.79,,,,
7572.0,213.0,322.0,2.82,4.25,4.13,52.0,67.54,2990.05,6088.0,14.59,182083.0,0.49,4000.0,4.5,53.38,,,,
4775.0,85.0,18.0,1.78,0.38,1.22,108.36,76.68,2291.29,143.0,34.27,11858.0,0.41,30.0,0.61,20.92,,,,
27196.0,1332.0,-2219.0,4.9,-8.16,-4.37,110.68,49.48,9923.37,-21079.0,-11.08,452732.0,0.52,5500.0,2.36,-24.3,,,,
,,,,,,,,,,,,,,,,,,,
44072.0,1729.0,221.0,3.92,0.5,1.58,148.93,48.64,1341.62,1092.0,45.55,67767.0,0.73,900.0,1.81,82.84,,,,
418.0,12.0,98.0,2.85,23.48,8.67,14.46,501.89,1540.67,847.0,6.2,10362.0,0.51,150.0,2.86,17.46,,,,
6598.0,1064.0,703.0,16.12,10.66,10.82,36.06,237.11,1634.85,1721.0,12.29,17014.0,1.24,1000.0,4.73,54.54,,,,
2656,-13,-278,-0.49,-10.48,-136.14,4714.43,24.76,-155.58,-971,-1.94,436,4.33,-,-,-,,,,
88,-14,-33,-15.55,-37.34,-7.77,3.29,3220.46,3.21,-79,-16.28,991,1.30,-,-,-,,,,
1663.0,336.0,283.0,20.18,17.02,13.3,19.38,391.96,2727.68,1593.0,12.91,12734.0,1.62,419.0,2.04,25.56,,,,
6146.0,75.0,-120.0,1.21,-1.94,-4.22,362.44,90.08,3585.26,-662.0,-75.41,15614.0,3.2,958.0,1.92,-137.86,,,,
5038.0,224.0,163.0,4.45,3.23,5.07,43.86,387.57,1686.28,5136.0,8.8,105627.0,0.43,1000.0,2.21,18.8,,,,
7191.0,122.0,191.0,1.7,2.65,2.65,20.45,322.18,1473.45,414.0,11.41,15748.0,0.3,200.0,4.23,48.24,,,,
13789.0,998.0,336.0,7.24,2.44,6.39,183.1,53.9,4022.61,1284.0,36.78,20601.0,2.29,330.0,0.7,25.99,,,,
,,,,,,,,,,,,,,,,"1,640  억원",80020000,,
2947.0,244.0,234.0,8.28,7.94,20.64,64.02,211.79,2377.72,2038.0,4.71,11839.0,0.81,200.0,2.08,8.93,,,,
16233.0,1245.0,721.0,7.67,4.44,15.21,221.33,90.79,709.97,6210.0,2.38,43694.0,0.34,350.0,2.36,5.64,,,,
3104.0,296.0,222.0,9.53,7.14,7.85,518.3,,345.52,1672.0,4.69,22324.0,0.35,350.0,4.46,20.96,,,,
20623.0,907.0,-29.0,4.4,-0.14,-0.34,236.69,78.08,1107.01,-248.0,-115.06,72285.0,0.4,476.0,1.67,-191.61,,,,
8776,384,304,4.38,3.46,8.98,416.17,56.42,135.10,1025,2.53,12788,0.20,-,-,-,,,,
28521,1578,509,5.53,1.78,0.26,102.14,101.33,1097.96,164,182.52,63530,0.47,-,-,-,,,,
81858,8404,3957,10.27,4.83,11.59,165.69,55.96,135.69,873,4.53,8084,0.49,-,-,-,,,,
4461,221,235,4.95,5.28,,51.38,150.49,467.63,2788,6.19,28380,0.61,-,-,-,,,,
17711,-1567,-2643,-8.85,-14.92,-34.08,222.25,63.86,262.89,-10684,-1.08,19447,0.59,-,-,-,,,,
205126.0,3313.0,256.0,1.62,0.13,0.1,99.41,64.58,2308.48,128.0,245.36,128729.0,0.24,750.0,2.38,575.59,,,,
15520.0,650.0,235.0,4.19,1.52,9.62,361.97,48.23,714.06,357.0,5.93,4264.0,0.5,25.0,1.18,6.65,,,,
2436.0,188.0,237.0,7.71,9.71,7.95,37.9,205.26,3329.35,1128.0,5.11,14763.0,0.39,82.0,1.43,7.3,,,,
37814,1303,160,3.45,0.42,1.45,303.92,60.10,1910.73,1409,18.91,97537,0.27,-,-,-,,,,
30536,1583,-529,5.18,-1.73,-19.74,524.35,33.16,1264.96,-15622,-7.11,72388,1.53,-,-,-,,,,
337797.0,15092.0,3238.0,4.47,0.96,6.24,176.3,62.15,2527.96,7491.0,12.9,134491.0,0.72,1850.0,1.92,23.26,,,,
9920.0,874.0,584.0,8.81,5.89,7.15,937.78,,285.96,1144.0,3.7,16889.0,0.25,250.0,5.9,21.34,,,,
49550.0,4057.0,3428.0,8.19,6.92,6.88,1238.94,,539.4,1817.0,3.92,27173.0,0.26,410.0,5.76,22.57,,,,
,,,,,,,,,,,,,,,,"8,374  억원",213089000,,
24283,346,-335,1.43,-1.38,-7.44,164.80,61.08,59.56,-932,-8.37,8886,0.88,-,-,-,,,,
11830.0,576.0,629.0,4.87,5.32,5.58,17.31,209.35,3409.24,2408.0,5.31,53446.0,0.24,280.0,2.19,9.62,,,,
234756,-13594,-28721,-5.79,-12.23,-22.35,184.86,74.42,545.22,-7908,-2.05,31694,0.51,-,-,-,,,,
,,,,,,,,,,,,,,,,,,,
101518.0,3494.0,928.0,3.44,0.91,0.8,152.0,101.17,1934.4,787.0,60.76,114028.0,0.42,1450.0,3.03,158.94,,,,
8671.0,473.0,385.0,5.45,4.44,8.39,33.36,276.23,5711.99,2370.0,16.8,29033.0,1.37,830.0,2.09,35.03,,,,
105309.0,1348.0,-149.0,1.28,-0.14,2.48,214.86,89.52,515.19,737.0,20.41,30303.0,0.5,300.0,1.99,40.59,,,,
,,,,,,,,,,,,,,,,750  억원,18660000,,
243942.0,4201.0,654.0,1.72,0.27,1.01,151.41,42.32,2119.87,561.0,169.84,55803.0,1.71,200.0,0.21,35.73,,,,
1839,228,147,12.39,7.98,6.49,73.58,295.24,2191.45,240,,3803,-,,,-,,,,
11129.0,412.0,50.0,3.71,0.45,1.51,196.6,51.85,1003.2,540.0,79.08,36311.0,1.18,300.0,0.7,56.68,,,,
269907.0,27192.0,20091.0,10.07,7.44,4.23,36.12,96.91,1286.81,2755.0,34.15,70060.0,1.34,1000.0,1.06,34.1,,,,
22757.0,1359.0,746.0,5.97,3.28,16.94,298.79,74.84,916.8,8013.0,2.53,51185.0,0.4,600.0,2.96,7.43,,,,
66948.0,8053.0,6386.0,12.03,9.54,9.76,14.66,195.99,7046.39,33541.0,12.67,379956.0,1.12,14000.0,3.29,39.09,,,,
581460.0,20097.0,18267.0,3.46,3.14,6.5,90.99,68.09,1298.17,4506.0,9.83,72277.0,0.61,1150.0,2.6,25.24,,,,
10308.0,4.0,292.0,0.04,2.84,3.25,15.8,297.33,20997.99,32968.0,13.33,1077820.0,0.41,1000.0,0.23,2.92,,,,
11872.0,153.0,160.0,1.29,1.35,3.74,33.91,96.02,788.85,323.0,25.27,9051.0,0.9,60.0,0.74,17.94,,,,
994,-105,-55,-10.57,-5.58,-22.79,648.94,26.22,96.88,-4179,-17.54,16184,4.53,-,-,-,,,,
29640.0,1298.0,1089.0,4.38,3.67,11.21,135.49,69.59,2825.09,2976.0,7.79,27689.0,0.84,600.0,2.59,20.17,,,,
9186.0,239.0,179.0,2.6,1.95,3.24,110.41,92.53,2673.64,837.0,9.96,26020.0,0.32,250.0,3.0,29.88,,,,
83587,2928,-465,3.50,-0.56,-1.22,200.30,72.82,106.56,-434,-64.23,35030,0.80,-,-,-,,,,
10217.0,420.0,296.0,4.11,2.9,6.73,37.47,115.72,1872.42,1223.0,4.93,20463.0,0.29,200.0,3.32,14.92,,,,
12044.0,295.0,144.0,2.45,1.2,3.22,146.2,70.3,1397.14,153.0,13.02,4940.0,0.4,68.0,3.38,42.15,,,,
2627.0,668.0,510.0,25.43,19.43,18.78,100.28,105.73,2392.08,1669.0,48.54,11656.0,6.95,470.0,0.58,30.32,,,,
40265.0,1099.0,-999.0,2.73,-2.48,-5.02,61.69,26.9,1528.36,-4232.0,-7.3,81410.0,0.38,1000.0,3.24,-23.63,,,,
1964.0,-4.0,13.0,-0.19,0.65,0.55,7.51,883.07,5914.61,306.0,44.4,76398.0,0.18,200.0,1.47,47.84,,,,
1320.0,21.0,13.0,1.59,0.96,1.49,120.17,56.62,366.72,64.0,57.63,4700.0,0.78,70.0,1.91,109.92,,,,
1626.0,26.0,24.0,1.6,1.46,2.14,75.36,107.9,986.23,116.0,22.13,5682.0,0.45,50.0,1.95,41.3,,,,
3237.0,175.0,177.0,5.4,5.48,,14.51,323.32,3069.75,10189.0,7.79,168403.0,0.47,2000.0,2.52,17.28,,,,
1684.0,212.0,160.0,12.59,9.52,,96.51,61.1,348.07,357.0,6.89,3895.0,0.63,75.0,3.05,20.1,,,,
4335,-38,-17,-0.88,-0.40,-1.18,58.71,127.13,645.76,-40,-47.63,3992,0.48,-,-,-,,,,
1682.0,95.0,-74.0,5.67,-4.42,-2.0,19.0,393.85,1062.92,-101.0,-129.26,4629.0,2.83,174.0,1.33,-164.46,,,,
1323.0,3.0,18.0,0.24,1.39,1.64,8.63,676.34,1041.5,92.0,56.89,5627.0,0.93,75.0,1.43,81.59,,,,
1967,31,-24,1.58,-1.24,-2.12,31.56,122.71,1448.10,-162,-53.11,8543,1.01,-,-,-,,,,
1994.0,219.0,112.0,11.0,5.59,5.36,33.47,175.34,3456.11,868.0,8.95,17500.0,0.44,250.0,3.22,27.15,,,,
752.0,-41.0,50.0,-5.42,6.7,2.21,18.14,150.98,5183.88,585.0,13.65,27069.0,0.3,60.0,0.75,10.12,,,,
318040.0,12526.0,10517.0,3.94,3.31,3.26,738.14,,39326.77,4887.0,15.24,198619.0,0.38,2650.0,3.56,48.69,,,,
3754.0,416.0,284.0,11.08,7.56,10.29,97.0,121.29,302.85,1998.0,7.88,20142.0,0.78,750.0,4.76,37.55,,,,
1951.0,51.0,36.0,2.62,1.83,7.03,104.24,102.9,379.85,460.0,33.51,6665.0,2.31,100.0,0.65,21.76,,,,
2810.0,295.0,247.0,10.51,8.8,7.75,32.05,175.81,8436.99,4195.0,9.71,72820.0,0.56,200.0,0.49,3.68,,,,
4607.0,474.0,374.0,10.29,8.11,11.14,115.46,62.95,5241.73,2742.0,12.95,26586.0,1.34,400.0,1.13,14.02,,,,
1777,141,112,7.94,6.32,34.66,395.48,35.83,-21.09,304,6.97,1026,2.06,,,-,,,,
412,-79,-164,-19.22,-39.81,-105.01,618.88,25.91,-69.44,-2004,-1.30,865,3.01,-,-,-,,,,
2615,353,311,13.49,11.90,17.53,71.03,222.97,9482.90,3125,,19180,-,,,-,,,,
3696.0,-42.0,103.0,-1.15,2.79,2.01,19.65,162.48,6341.77,644.0,18.46,32378.0,0.37,500.0,4.2,77.58,,,,
10162.0,242.0,175.0,2.38,1.72,8.91,293.63,58.79,700.19,4379.0,6.01,49395.0,0.53,800.0,3.04,18.27,,,,
1781.0,2.0,29.0,0.12,1.61,0.92,10.8,343.28,6780.11,319.0,31.33,34929.0,0.29,150.0,1.5,47.0,,,,
25676.0,162.0,203.0,0.63,0.79,1.8,723.87,,1502.07,1255.0,36.69,135482.0,0.34,2500.0,5.43,105.12,,,,
6749,90,5,1.33,0.08,0.74,100.13,67.45,392.28,17,107.07,2595,0.71,-,-,-,,,,
1897,56,54,2.95,2.84,2.57,81.76,126.47,740.19,96,75.05,4166,1.74,-,-,-,,,,
8368.0,812.0,287.0,9.7,3.43,3.51,139.62,122.23,4001.55,711.0,10.69,20491.0,0.37,150.0,1.97,21.09,,,,
2461.0,114.0,-81.0,4.62,-3.27,-5.44,61.69,164.67,2455.24,-725.0,-29.36,12737.0,1.67,500.0,2.35,-68.93,,,,
22622.0,436.0,871.0,1.93,3.85,7.25,64.91,126.96,5691.15,1921.0,9.45,29291.0,0.62,400.0,2.2,21.65,,,,
6332,-378,-729,-5.98,-11.52,-56.00,811.83,39.15,120.25,-2451,-4.41,3639,2.97,,,-,,,,
3637,30,-556,0.82,-15.29,-15.37,108.28,64.03,2122.94,-860,-4.09,5273,0.67,-,-,-,,,,
1975.0,34.0,11.0,1.72,0.54,0.64,86.9,74.56,522.67,12.0,92.09,3077.0,0.37,30.0,2.62,151.86,,,,
227083.0,28000.0,20376.0,12.33,8.97,,1319.96,,605.9,2776.0,4.18,29782.0,0.39,700.0,6.03,27.0,,,,
523,-64,-166,-12.32,-31.63,-20.27,58.42,106.96,245.45,-368,-5.94,1774,1.23,-,-,-,,,,
2101.0,110.0,-126.0,5.24,-6.02,-14.93,127.73,67.36,1180.01,-1012.0,-3.96,6790.0,0.59,100.0,2.5,-9.25,,,,
14804.0,125.0,366.0,0.85,2.47,2.43,28.32,214.07,2547.07,538.0,80.57,23938.0,1.81,349.0,0.81,59.44,,,,
,,,,,,,,,,,,,,,,"3,382  억원",63341590,,
1832,174,129,9.52,7.02,4.67,24.50,65.87,61.24,95,56.29,2736,1.95,,,-,,,,
6683,114,36,1.71,0.54,1.19,157.09,85.52,721.03,97,31.12,8193,0.37,-,-,-,,,,
811.0,69.0,64.0,8.54,7.91,7.84,22.01,223.41,1929.38,640.0,12.16,11195.0,0.69,220.0,2.83,25.79,,,,
1082,158,145,14.64,13.40,5.66,7.57,489.52,653.21,2181,17.88,77404,0.50,,,-,,,,
640.0,141.0,128.0,22.05,20.0,12.02,9.57,1058.75,19766.64,10187.0,8.11,104039.0,0.79,1500.0,1.82,12.43,,,,
30701.0,2068.0,-3419.0,6.73,-11.14,-5.81,52.21,127.98,12027.79,-717.0,-42.82,12746.0,2.41,25.0,0.08,-3.46,,,,
1411,-653,-650,-46.28,-46.07,-82.49,1025.48,103.97,384.65,-684,,491,-,,,-,,,,
458,-60,-162,-13.12,-35.41,1020.33,-886.24,39.22,-121.52,-5043,-4.71,-647,-36.69,,,-,,,,
5119.0,653.0,570.0,12.75,11.14,11.92,34.14,264.23,6629.59,3591.0,5.19,36144.0,0.52,250.0,1.34,6.39,,,,
2653.0,491.0,369.0,18.49,13.89,13.52,17.01,342.28,2809.27,1858.0,12.57,14544.0,1.61,200.0,0.86,10.76,,,,
243421.0,11596.0,6659.0,4.76,2.74,4.58,127.48,101.6,835.75,2358.0,11.45,55714.0,0.48,1100.0,4.07,43.81,,,,
106699.0,2498.0,1887.0,2.34,1.77,8.04,377.73,,4042.54,1340.0,5.81,18176.0,0.5,427.0,5.49,30.44,,,,
5283.0,745.0,794.0,14.1,15.04,12.38,20.62,194.06,37819.94,2234.0,9.4,21677.0,0.97,600.0,2.86,23.48,,,,
6637.0,1206.0,799.0,18.18,12.04,16.1,36.86,144.11,19334.86,2890.0,14.95,19339.0,2.23,560.0,1.3,4.75,,,,
3866.0,265.0,189.0,6.86,4.9,14.02,134.36,80.96,5248.11,1424.0,6.1,10689.0,0.81,250.0,2.88,17.55,,,,
9045.0,512.0,-225.0,5.66,-2.49,-7.49,169.22,39.03,4196.68,-1342.0,-7.75,17431.0,0.6,100.0,0.96,-7.32,,,,
5729.0,208.0,217.0,3.64,3.79,5.88,76.47,39.21,785.09,263.0,16.19,4448.0,0.96,290.0,6.82,107.38,,,,
219.0,1.0,5.0,0.31,2.46,1.67,18.61,540.52,768.21,71.0,56.86,4391.0,0.92,85.0,2.11,115.72,,,,
4022.0,215.0,171.0,5.35,4.26,33.47,320.9,54.79,308.33,959.0,3.82,3503.0,1.04,60.0,1.64,6.26,,,,
1263,-47,-105,-3.69,-8.30,-31.41,567.61,46.46,-106.72,-224,-9.30,586,3.56,,,-,,,,
3047.0,251.0,340.0,8.24,11.14,7.86,8.54,623.02,3408.16,2953.0,9.99,47075.0,0.63,1000.0,3.39,27.77,,,,
2557.0,1193.0,1083.0,46.66,42.34,12.72,64.18,,260.18,428.0,4.91,3677.0,0.57,110.0,5.24,24.3,,,,
31102.0,2756.0,1683.0,8.86,5.41,15.84,269.11,58.16,138.83,1748.0,19.48,11714.0,2.91,400.0,1.17,22.88,,,,
4730.0,275.0,339.0,5.81,7.17,10.78,117.64,75.21,4986.99,2538.0,8.93,24757.0,0.91,275.0,1.21,10.84,,,,
16791.0,960.0,400.0,5.71,2.38,6.92,184.81,40.09,368.9,1681.0,8.59,24836.0,0.58,600.0,4.15,35.65,,,,
5443.0,1112.0,910.0,20.42,16.72,20.88,80.42,104.4,712.46,7655.0,13.85,40454.0,2.62,1500.0,1.42,19.24,,,,
9722,255,64,2.62,0.66,2.79,89.17,86.32,77.17,234,38.28,8324,1.07,-,-,-,,,,
3841.0,352.0,413.0,9.17,10.76,21.69,173.79,67.01,145.69,2458.0,12.39,12164.0,2.5,1000.0,3.28,40.71,,,,
4486.0,441.0,264.0,9.82,5.88,5.54,49.37,115.24,6478.92,691.0,29.03,12938.0,1.55,310.0,1.55,44.68,,,,
15460.0,858.0,729.0,5.55,4.71,8.15,148.78,100.91,76.01,630.0,14.68,7847.0,1.18,277.0,2.99,46.88,,,,
3814.0,270.0,182.0,7.09,4.78,9.06,56.61,88.45,145.34,1078.0,14.65,12267.0,1.29,350.0,2.22,32.46,,,,
12376.0,239.0,195.0,1.93,1.57,4.3,64.39,111.51,2145.82,948.0,14.08,22768.0,0.59,150.0,1.12,15.5,,,,
21989.0,2922.0,2430.0,13.29,11.05,4.64,53.1,58.72,3641.09,8296.0,10.02,190027.0,0.44,1000.0,1.2,11.5,,,,
18725.0,1362.0,436.0,7.27,2.33,5.22,168.7,74.18,596.0,1190.0,38.28,22958.0,1.98,600.0,1.32,50.46,,,,
1479,20,-11,1.35,-0.76,-1.79,88.99,129.50,292.21,-36,-29.39,1961,0.53,,,-,,,,
2609.0,118.0,42.0,4.52,1.63,4.54,128.52,47.07,1646.88,365.0,11.83,9249.0,0.47,60.0,1.39,14.57,,,,
34504.0,4707.0,3381.0,13.64,9.8,23.8,109.35,95.83,1930.66,4365.0,12.14,20545.0,2.58,219.0,0.41,4.99,,,,
1334.0,264.0,175.0,19.76,13.13,1.8,8.45,497.0,1495.87,281.0,19.91,15700.0,0.36,110.0,1.96,39.18,,,,
2385,185,44,7.75,1.85,2.53,72.12,129.47,188.73,22,40.19,1104,0.80,-,-,-,,,,
186761.0,5089.0,3802.0,2.73,2.04,6.88,807.71,,17342.64,5311.0,9.85,93935.0,0.56,1500.0,2.87,25.25,,,,
46083.0,1063.0,-524.0,2.31,-1.14,-3.63,198.76,85.82,3420.56,-6293.0,-7.68,197299.0,0.24,2200.0,4.55,-29.47,,,,
7984.0,754.0,411.0,9.45,5.14,4.69,98.67,48.76,1647.92,3918.0,11.72,84613.0,0.54,2000.0,4.36,51.01,,,,
1702.0,297.0,219.0,17.48,12.89,18.92,64.26,65.92,209.74,1385.0,14.29,7744.0,2.56,500.0,2.53,36.09,,,,
6989.0,215.0,143.0,3.08,2.05,4.61,177.26,103.3,1475.83,364.0,13.23,8108.0,0.59,60.0,1.24,16.25,,,,
123820.0,6862.0,4388.0,5.54,3.54,6.3,144.11,58.47,175.24,1005.0,14.13,16218.0,0.88,400.0,2.82,39.8,,,,
4028,-214,-692,-5.30,-17.18,-11.96,126.00,73.50,50.42,-878,-2.63,7065,0.33,-,-,-,,,,
4301.0,111.0,95.0,2.59,2.21,2.17,53.93,88.15,1298.7,145.0,20.31,7287.0,0.4,60.0,2.04,38.29,,,,
2133.0,175.0,155.0,8.19,7.24,,36.31,172.68,6583.19,2058.0,9.62,34051.0,0.58,800.0,4.04,37.24,,,,
3751.0,192.0,166.0,5.13,4.44,2.72,36.34,304.15,700.47,501.0,13.2,23066.0,0.29,300.0,4.54,48.22,,,,
15121.0,1263.0,1245.0,8.35,8.23,8.78,37.56,236.3,9308.41,3835.0,4.03,50552.0,0.31,500.0,3.24,12.12,,,,
24992.0,470.0,202.0,1.88,0.81,6.34,270.67,54.24,735.34,2341.0,37.25,39828.0,2.19,1104.0,1.27,29.22,,,,
6106,300,204,4.92,3.34,8.88,248.84,65.79,18.63,737,9.20,8589,0.79,-,-,-,,,,
14227.0,281.0,246.0,1.97,1.73,7.45,120.84,122.62,2202.7,4163.0,5.1,57586.0,0.37,875.0,4.12,21.0,,,,
3439.0,320.0,436.0,9.31,12.68,6.02,84.85,36.08,5414.52,1591.0,5.83,28074.0,0.33,125.0,1.35,7.57,,,,
16397.0,224.0,-42.0,1.37,-0.26,-0.04,59.54,91.27,6753.45,-25.0,-721.96,58989.0,0.3,304.0,1.7,-1227.98,,,,
12383.0,418.0,227.0,3.38,1.83,5.57,77.17,103.14,805.01,440.0,15.12,10686.0,0.62,80.0,1.2,13.73,,,,
1549.0,551.0,477.0,35.58,30.78,7.44,13.8,132.65,8184.19,5959.0,5.5,83093.0,0.39,700.0,2.13,11.68,,,,
2014.0,124.0,106.0,6.17,5.27,6.48,59.09,156.53,2086.56,6547.0,9.81,127891.0,0.5,1700.0,2.65,21.02,,,,
49615.0,3654.0,2947.0,7.36,5.94,11.84,72.58,62.07,1518.71,8796.0,8.81,94221.0,0.82,1500.0,1.94,13.87,,,,
1836.0,-25.0,-117.0,-1.35,-6.38,-11.77,95.69,76.92,451.9,-765.0,-5.39,6005.0,0.69,140.0,3.4,-18.3,,,,
26967.0,997.0,940.0,3.7,3.48,4.79,863.65,,415.0,1092.0,10.95,29197.0,0.41,1000.0,8.37,72.88,,,,
2701,134,108,4.96,4.00,7.42,40.99,95.04,188.03,100,11.15,1460,0.76,-,-,-,,,,
4013,10,-8,0.25,-0.20,-1.01,135.94,124.03,127.92,-12,-100.75,1136,1.03,-,-,-,,,,
1331.0,83.0,59.0,6.21,4.4,7.69,64.3,104.77,279.86,142.0,9.98,1931.0,0.74,10.0,0.7,7.01,,,,
12850,313,179,2.44,1.39,9.75,373.34,53.96,92.88,93,9.67,1013,0.89,-,-,-,,,,
1142.0,49.0,225.0,4.27,19.71,4.37,14.24,73.15,6382.75,16958.0,5.28,474854.0,0.19,410.0,0.46,2.05,,,,
867.0,5.0,2.0,0.54,0.21,0.29,63.32,123.78,694.94,11.0,269.69,4069.0,0.72,20.0,0.68,171.27,,,,
2526,447,137,17.68,5.43,7.37,164.90,89.10,3579.39,1336,40.28,23996,2.24,-,-,-,,,,
5161.0,271.0,174.0,5.24,3.37,6.93,61.92,120.33,1447.72,516.0,17.32,7537.0,1.18,250.0,2.8,48.2,,,,
6330,209,-87,3.31,-1.37,-8.33,443.42,47.16,178.39,-231,-6.50,2573,0.58,,,-,,,,
11554.0,555.0,598.0,4.8,5.18,15.29,112.06,138.51,437.38,2803.0,3.05,19063.0,0.45,700.0,8.2,25.82,,,,
865,-75,-84,-8.70,-9.69,-13.15,87.92,128.12,180.07,-328,-48.90,2970,5.40,-,-,-,,,,
1560.0,180.0,247.0,11.56,15.84,,8.11,241.62,5171.35,1799.0,6.86,25991.0,0.48,500.0,4.05,27.79,,,,
1405.0,100.0,327.0,7.1,23.31,26.85,41.32,85.5,720.05,11314.0,2.41,49555.0,0.55,4700.0,17.25,38.41,,,,
1640,151,58,9.24,3.54,12.71,93.98,140.57,118.01,1304,7.78,10939,0.93,-,-,-,,,,
180416.0,12286.0,4331.0,6.81,2.4,23.52,327.74,50.61,1602.57,18218.0,3.86,87780.0,0.8,5200.0,7.4,23.78,,,,
156597,10769,-1044,6.88,-0.67,-14.73,300.02,51.34,73.32,-1910,-2.66,11169,0.45,-,-,-,,,,
88562.0,1749.0,-4116.0,1.97,-4.65,-5.21,100.27,65.88,43217.52,-3395.0,-11.47,93687.0,0.42,1100.0,2.82,-21.89,,,,
3779.0,466.0,396.0,12.33,10.47,,25.09,317.67,9530.42,7542.0,9.57,47872.0,1.51,1700.0,2.35,22.63,,,,
107196.0,9901.0,7504.0,9.24,7.0,11.76,34.14,371.27,17320.14,9518.0,20.44,84625.0,2.3,2400.0,1.23,25.21,,,,
73497,-6166,-13154,-8.39,-17.90,-21.88,159.10,28.91,104.71,-1946,-3.50,8099,0.84,-,-,-,,,,
20964.0,816.0,529.0,3.89,2.52,3.07,84.49,133.72,2066.81,3173.0,15.95,110768.0,0.46,1000.0,1.98,29.66,,,,
2654.0,277.0,131.0,10.43,4.93,6.27,173.39,45.22,455.72,151.0,12.3,2685.0,0.69,50.0,2.7,30.6,,,,
34616.0,856.0,360.0,2.47,1.04,2.98,180.87,90.74,6464.14,9327.0,9.06,360412.0,0.23,3000.0,3.55,28.26,,,,
621,4,-20,0.58,-3.23,-7.65,204.33,38.56,-26.50,-6,-29.78,74,2.39,,,-,,,,
1510,-30,-109,-1.95,-7.20,-2.14,33.86,50.26,688.54,-156,-10.30,8072,0.20,-,-,-,,,,
12272.0,459.0,249.0,3.74,2.02,4.42,80.11,103.88,3927.77,8762.0,6.95,201388.0,0.3,2000.0,3.28,22.83,,,,
26439.0,631.0,147.0,2.39,0.56,-0.32,81.06,80.35,4305.56,-742.0,-63.9,238819.0,0.2,1500.0,3.16,-197.27,,,,
1819,16,-57,0.87,-3.13,-3.31,103.07,51.41,291.04,-47,-30.86,1448,0.99,-,-,-,,,,
12217.0,132.0,19.0,1.08,0.16,1.52,161.29,69.4,3408.97,247.0,18.73,17221.0,0.27,50.0,1.08,19.48,,,,
1929.0,86.0,78.0,4.48,4.05,27.34,109.33,85.55,3477.58,3907.0,11.32,19084.0,2.32,300.0,0.68,6.45,,,,
63942.0,4678.0,5931.0,7.32,9.28,14.24,136.05,23.06,6741.18,53472.0,5.4,399182.0,0.72,2000.0,0.69,3.74,,,,
15424.0,1584.0,943.0,10.27,6.12,6.36,97.43,143.99,11552.69,21956.0,4.71,408610.0,0.25,1750.0,1.69,6.92,,,,
737,9,14,1.21,1.90,,21.85,256.73,2439.59,17,,1410,-,,,-,,,,
1608.0,63.0,93.0,3.92,5.81,3.32,22.2,210.17,2056.63,329.0,9.82,11092.0,0.29,175.0,5.41,48.2,,,,
2205,100,50,4.53,2.28,4.42,73.17,139.17,26.58,28,241.07,633,10.48,-,-,-,,,,
30841.0,844.0,2074.0,2.74,6.73,7.4,30.67,148.17,35443.81,126504.0,5.1,1893161.0,0.34,10000.0,1.55,7.38,,,,
2596.0,108.0,190.0,4.18,7.33,5.83,29.6,391.89,1978.5,606.0,4.39,10761.0,0.25,200.0,7.52,32.63,,,,
1410,15,5,1.05,0.33,0.44,48.81,91.02,38.35,13,174.09,2508,0.89,-,-,-,,,,
8962.0,317.0,224.0,3.53,2.5,4.52,130.13,106.58,515.87,255.0,19.86,6240.0,0.81,100.0,1.97,36.49,,,,
2779.0,165.0,124.0,5.93,4.47,13.56,91.88,192.86,441.9,620.0,8.58,4981.0,1.07,92.0,1.73,21.54,,,,
,,,,,,,,,,,,,,,,"8,625  억원",197376000,,
351.0,31.0,76.0,8.84,21.51,,63.24,88.39,431.68,755.0,5.16,2658.0,1.47,100.0,2.56,13.24,,,,
1125,-136,-165,-12.13,-14.67,-33.98,804.63,41.69,178.84,-387,-3.63,1012,1.39,-,-,-,,,,
11854,292,148,2.46,1.25,10.71,115.69,63.33,2122.57,369,,3704,-,,,-,,,,
,,,,,,,,,,,,,,,,"4,365  억원",88534474,,
13307.0,540.0,183.0,4.06,1.38,10.45,280.56,57.14,6836.86,3099.0,25.27,33462.0,2.34,881.0,1.12,28.41,,,,
4684.0,-73.0,-139.0,-1.57,-2.97,0.13,150.77,36.02,6989.41,42.0,323.72,32217.0,0.42,250.0,1.86,598.87,,,,
27133.0,4737.0,3620.0,17.46,13.34,16.97,960.2,,1709.66,14287.0,5.56,89743.0,0.89,2000.0,2.52,15.92,,,,
8104,-192,-432,-2.37,-5.33,-20.84,327.66,94.71,695.66,-546,-5.57,2391,1.27,-,-,-,,,,
951,12,2,1.25,0.25,0.53,77.85,121.41,888.84,26,244.35,4818,1.32,-,-,-,,,,
24679,2100,1477,8.51,5.99,5.49,53.62,73.47,407.45,284,16.00,5400,0.84,-,-,-,,,,
3533,-23,-72,-0.65,-2.04,-25.93,480.04,55.32,-34.86,-152,-8.10,610,2.02,-,-,-,,,,
244226.0,6053.0,2024.0,2.48,0.83,7.06,193.94,110.09,391.53,1697.0,10.99,24703.0,0.75,700.0,3.75,41.24,,,,
,,,,,,,,,,,,,,,,"1,173  억원",70020000,,
1312,-174,-172,-13.26,-13.13,-39.16,131.03,76.70,317.68,-1072,-10.12,2190,4.95,-,-,-,,,,
765.0,13.0,-15.0,1.71,-1.95,-3.03,75.28,163.36,2069.52,-328.0,-94.56,13249.0,2.34,100.0,0.32,-24.36,,,,
1204.0,137.0,193.0,11.4,16.0,8.85,17.19,285.08,2019.21,168.0,24.06,2187.0,1.85,50.0,1.23,26.08,,,,
12598.0,1065.0,853.0,8.46,6.77,8.37,26.6,111.09,8696.65,3462.0,9.11,47591.0,0.66,450.0,1.43,11.6,,,,
16150.0,849.0,-173.0,5.26,-1.07,-0.06,159.22,46.43,2027.16,-6.0,-2776.24,10137.0,1.71,500.0,2.89,-7871.26,,,,
2639,-17,-46,-0.63,-1.73,-2.89,91.84,46.86,86.93,-57,-19.36,1914,0.57,-,-,-,,,,
2896.0,210.0,169.0,7.27,5.82,20.97,95.29,186.89,420.86,517.0,6.77,2619.0,1.34,227.0,6.49,43.91,,,,
12035.0,-39.0,-2606.0,-0.32,-21.65,-17.65,89.6,108.69,373.51,-4093.0,-9.77,20884.0,1.92,255.0,0.64,-6.23,,,,
666,91,-18,13.72,-2.69,3.09,-325.18,195.97,5121.95,-177,,-5803,-,,,-,,,,
80276,-941,-691,-1.17,-0.86,-4.87,1146.81,,150.87,-567,-4.98,12154,0.23,-,-,-,,,,
380488.0,23593.0,22943.0,6.2,6.03,7.28,43.8,119.4,6730.8,23867.0,10.73,345993.0,0.74,4000.0,1.56,16.37,,,,
12016.0,854.0,652.0,7.11,5.42,19.87,166.38,51.16,1047.19,1031.0,16.43,5759.0,2.94,45.0,0.27,4.36,,,,
1348,-28,-75,-2.10,-5.56,-7.77,128.77,17.60,479.80,-254,-9.96,3118,0.81,-,-,-,,,,
1597,-93,-61,-5.82,-3.84,-4.93,27.07,175.94,1032.29,-279,-9.90,5961,0.46,-,-,-,,,,
59831.0,3229.0,1220.0,5.4,2.04,20.86,453.1,45.6,2351.63,21510.0,7.18,113298.0,1.36,2000.0,1.29,9.27,,,,
2489.0,134.0,2.0,5.4,0.08,3.85,117.71,96.81,352.51,87.0,93.4,2295.0,3.56,15.0,0.18,17.15,,,,
5370.0,-129.0,-125.0,-2.4,-2.34,-3.13,46.03,89.76,834.79,-299.0,-6.07,10406.0,0.19,55.0,3.0,-18.23,,,,
8074.0,1813.0,1046.0,22.45,12.96,17.39,68.91,137.87,226.34,2351.0,11.74,14844.0,1.86,350.0,1.27,14.53,,,,
12799.0,1430.0,951.0,11.17,7.43,23.04,86.03,197.61,503.53,6265.0,3.17,30162.0,0.66,400.0,2.02,6.38,,,,
,,,,,,,,,,,,,,,,,,,
8351.0,341.0,132.0,4.08,1.58,4.66,93.07,124.08,1693.89,413.0,12.13,9808.0,0.51,120.0,2.4,26.33,,,,
266303.0,6666.0,1153.0,2.5,0.43,2.2,116.38,66.92,10260.21,2127.0,31.78,109317.0,0.62,3700.0,5.47,156.15,,,,
300,57,-229,18.99,-76.16,-31.73,59.62,170.48,435.34,-937,-8.64,2662,3.04,-,-,-,,,,
6743,-218,-414,-3.24,-6.15,-19.76,340.34,24.08,421.12,-984,-3.56,4475,0.94,-,-,-,,,,
5113.0,-190.0,-253.0,-3.72,-4.94,-10.31,149.12,83.05,344.1,-1071.0,-26.11,9889.0,2.83,298.0,1.06,-27.51,,,,
18517.0,875.0,694.0,4.73,3.75,5.65,73.7,77.35,751.83,2313.0,8.0,41768.0,0.44,500.0,2.7,21.61,,,,
643668.0,38689.0,19826.0,6.01,3.08,4.18,65.41,146.09,9630.2,21048.0,11.24,555096.0,0.43,10000.0,4.23,43.66,,,,
2461,1,97,0.04,3.93,4.81,40.43,109.73,103.61,48,18.93,1012,0.89,-,-,-,,,,
2630,806,637,30.63,24.21,,97.95,421.50,1213.88,2818,,13139,-,,,-,,,,
4559,-187,-400,-4.11,-8.77,-15.85,150.72,71.81,1693.30,-2973,-1.46,17712,0.25,-,-,-,,,,
4372.0,129.0,50.0,2.94,1.15,4.42,168.92,42.93,382.91,215.0,12.4,5181.0,0.51,29.0,1.07,12.68,,,,
6174,137,52,2.22,0.85,5.07,327.31,46.15,123.88,54,24.11,903,1.43,-,-,-,,,,
8303.0,71.0,55.0,0.86,0.66,2.12,99.66,123.57,1166.19,1076.0,18.69,52954.0,0.38,492.0,2.44,43.16,,,,
1917.0,62.0,53.0,3.23,2.76,3.55,59.43,73.81,1149.29,221.0,37.36,6239.0,1.32,100.0,1.21,45.23,,,,
1925.0,58.0,47.0,3.02,2.46,4.75,115.49,84.33,288.85,180.0,18.71,3883.0,0.87,30.0,0.89,16.53,,,,
1662.0,-15.0,34.0,-0.87,2.02,1.56,17.02,435.13,683.94,60.0,36.08,4292.0,0.5,50.0,2.32,74.21,,,,
891,-10,-67,-1.09,-7.49,-47.63,303.29,33.06,41.57,-369,-6.59,700,3.48,,,-,,,,
2362,48,39,2.04,1.64,7.58,283.12,101.02,83.48,393,28.74,5384,2.10,-,-,-,,,,
730.0,5.0,-22.0,0.63,-3.01,-2.52,138.34,54.94,396.95,-59.0,-53.42,2842.0,1.11,25.0,0.79,-19.32,,,,
22913.0,2251.0,1300.0,9.83,5.67,5.96,100.86,113.27,3525.24,1037.0,5.84,18356.0,0.33,80.0,1.32,7.61,,,,
29018.0,5075.0,3959.0,17.49,13.64,14.62,828.66,2.68,5947.42,4130.0,4.6,30884.0,0.62,400.0,2.11,9.34,,,,
7619.0,294.0,172.0,3.86,2.25,2.76,50.01,80.74,1240.92,162.0,37.64,7083.0,0.86,170.0,2.79,87.81,,,,
534,-10,-25,-1.86,-4.64,-6.50,109.78,51.28,28.57,-52,-40.38,775,2.71,-,-,-,,,,
9339.0,235.0,170.0,2.51,1.82,2.25,32.28,166.41,8705.68,10055.0,14.67,461851.0,0.32,2000.0,1.36,19.36,,,,
1261.0,98.0,178.0,7.8,14.15,26.23,27.66,207.07,2283.02,4925.0,5.05,20576.0,1.21,200.0,0.8,4.06,,,,
3648.0,185.0,100.0,5.08,2.74,9.72,223.76,45.59,1527.77,738.0,6.53,8394.0,0.57,120.0,2.49,15.62,,,,
3435.0,259.0,191.0,7.55,5.56,12.03,57.22,139.59,2938.28,1728.0,5.84,15137.0,0.67,200.0,1.98,11.57,,,,
20506,1259,288,6.14,1.41,4.84,702.40,43.22,1027.17,1077,,22490,-,,,6.69,,,,
,,,,,,,,,,,,,,,,"9,731  억원",242968884,,
7757,596,338,7.68,4.36,53.84,360.47,64.88,799.79,979,,2235,-,,,-,,,,
6313.0,494.0,104.0,7.83,1.64,1.64,117.6,42.7,294.04,162.0,26.08,9842.0,0.43,175.0,4.14,108.01,,,,
,,,,,,,,,,,,,,,,706  억원,20100000,,
2500.0,323.0,311.0,12.9,12.45,14.74,25.0,166.13,3246.25,6164.0,9.25,44134.0,1.29,654.0,1.15,10.64,,,,
1319.0,21.0,57.0,1.6,4.35,3.01,24.78,96.61,859.57,133.0,14.96,4843.0,0.41,40.0,2.0,27.71,,,,
,,,,,,,,,,,,,,,,329  억원,137680211,,
4122,125,9,3.02,0.21,0.49,136.99,25.53,212.47,6,155.66,1502,0.67,-,-,-,,,,
3136.0,226.0,132.0,7.21,4.21,8.18,85.7,36.59,340.88,1402.0,5.4,17782.0,0.43,100.0,1.32,7.13,,,,
229068.0,8659.0,6456.0,3.78,2.82,4.85,494.72,,59601.17,12716.0,19.15,336392.0,0.72,8500.0,3.49,56.2,,,,
1911.0,64.0,50.0,3.37,2.59,4.62,91.56,41.12,1878.7,450.0,9.84,9893.0,0.45,110.0,2.48,24.43,,,,
1921.0,494.0,442.0,25.73,23.01,14.22,13.06,572.96,2143.7,14733.0,4.07,115202.0,0.52,1000.0,1.67,6.46,,,,
2010.0,46.0,86.0,2.31,4.26,1.77,3.78,1718.24,4562.31,428.0,21.09,24220.0,0.37,250.0,2.77,58.45,,,,
2419.0,449.0,119.0,18.56,4.91,6.01,23.64,299.86,1489.22,855.0,29.19,16051.0,1.55,800.0,3.21,82.84,,,,
418,-2,-32,-0.53,-7.71,-23.62,273.90,32.05,-98.02,-302,-8.57,1132,2.28,-,-,-,,,,
1527.0,-38.0,-83.0,-2.5,-5.45,-3.82,19.99,477.89,2149.76,-433.0,-11.65,11092.0,0.46,140.0,2.77,-32.31,,,,
359,-16,-18,-4.33,-5.15,-6.57,55.08,117.82,195.09,-92,-23.30,1445,1.49,-,-,-0.16,,,,
2169,-130,-162,-6.01,-7.47,-17.87,292.78,48.92,62.06,-203,-3.26,1171,0.56,-,-,-,,,,
2921,103,51,3.53,1.75,5.74,140.86,67.68,1868.99,782,20.14,11636,1.35,-,-,-,,,,
9136,513,385,5.62,4.21,86.98,440.89,55.94,248.13,1013,,1655,-,,,-,,,,
1645.0,169.0,111.0,10.24,6.75,7.12,41.14,191.76,697.95,256.0,20.2,4149.0,1.25,80.0,1.55,27.91,,,,
4560.0,185.0,107.0,4.06,2.34,5.44,45.43,181.52,2288.63,620.0,17.35,12175.0,0.88,200.0,1.86,30.71,,,,
955,-104,-364,-10.89,-38.12,-19.68,104.99,21.59,137.55,-238,-3.88,1084,0.85,-,-,-,,,,
2567,-716,-810,-27.89,-31.55,-136.74,483.57,32.36,1612.02,-3467,,1914,-,,,-,,,,
2433,31,4,1.29,0.18,0.78,153.90,80.97,44.94,6,360.27,748,2.74,-,-,-,,,,
4544,122,-68,2.69,-1.49,-3.55,170.26,39.64,441.99,-98,-28.15,2755,1.00,-,-,-,,,,
2401,29,-44,1.20,-1.82,-1.45,140.72,46.21,-40.73,-14,-100.14,994,1.44,-,-,-,,,,
1058,-66,-78,-6.21,-7.34,-12.34,132.20,50.26,44.52,-582,-4.02,4312,0.54,-,-,-,,,,
372,-124,-128,-33.22,-34.29,-20.45,44.49,115.47,2.74,-118,-4.87,516,1.11,,,-,,,,
21036.0,2667.0,1564.0,12.68,7.43,2.54,30.82,110.03,5921.75,772.0,23.05,32019.0,0.56,650.0,3.65,47.78,,,,
1083,-51,-216,-4.71,-19.97,-20.59,89.85,44.29,144.69,-748,-13.05,3527,2.77,-,-,-,,,,
791.0,42.0,43.0,5.29,5.5,3.33,40.2,176.66,773.33,1291.0,13.47,44007.0,0.39,239.0,1.38,16.52,,,,
3353.0,69.0,224.0,2.05,6.7,12.68,63.08,96.2,1470.37,935.0,7.14,8003.0,0.83,150.0,2.25,15.71,,,,
404,-154,-343,-38.15,-85.09,-87.65,155.81,84.14,135.63,-1088,-7.16,1232,6.33,,,-,,,,
,,,,,,,,,,,,,,,,"1,657  억원",36745335,,
5175,-14,-134,-0.27,-2.60,-5.08,142.29,76.59,1032.51,-565,-28.30,10630,1.50,-,-,-,,,,
667,18,9,2.63,1.36,1.77,68.05,153.16,35.54,12,206.14,671,3.61,-,-,-,,,,
3246.0,325.0,196.0,10.02,6.04,5.2,96.4,64.67,203.66,511.0,44.11,10557.0,2.14,120.0,0.53,22.53,,,,
5502.0,469.0,468.0,8.52,8.51,8.52,27.16,435.0,2381.14,1016.0,42.09,12390.0,3.45,50.0,0.12,4.92,,,,
526,-520,-893,-98.85,-169.63,-93.55,132.65,57.58,310.94,-2271,-1.37,1374,2.26,-,-,-,,,,
419,-28,-48,-6.77,-11.42,-11.11,44.48,245.80,310.31,-88,-18.13,757,2.10,,,-,,,,
8171.0,1039.0,724.0,12.71,8.86,26.32,101.81,119.75,5223.5,4711.0,16.4,22798.0,3.71,1039.0,1.35,13.87,,,,
6156,-140,3,-2.27,0.04,-1.19,217.33,50.12,499.52,-32,-22.36,2665,0.27,-,-,-,,,,
6946.0,694.0,560.0,9.98,8.06,8.02,20.25,180.22,490.52,1141.0,7.64,14699.0,0.59,350.0,4.01,30.51,,,,
30189.0,4583.0,3322.0,15.18,11.0,30.74,165.04,41.22,2671.88,4511.0,20.64,14931.0,6.24,2400.0,2.58,52.05,,,,
5302,338,106,6.38,2.00,0.34,176.20,60.95,330.26,78,494.42,22374,1.72,-,-,-,,,,
1864.0,39.0,98.0,2.08,5.26,3.08,48.58,115.27,708.64,148.0,29.43,4846.0,0.9,100.0,2.3,67.73,,,,
8173,-237,-477,-2.90,-5.83,-17.06,254.38,93.48,320.51,-341,-4.72,1850,0.87,-,-,-,,,,
325,20,43,6.04,13.38,8.78,22.80,478.13,72.23,72,117.10,859,9.88,-,-,-,,,,
23815.0,306.0,-75.0,1.28,-0.32,0.95,220.57,56.48,1438.84,83.0,135.73,9619.0,1.17,102.0,0.91,108.79,,,,
2644.0,108.0,242.0,4.08,9.14,3.39,29.95,63.39,1596.14,2108.0,11.09,70954.0,0.33,963.0,4.12,37.88,,,,
,-107,-147,,,,14.33,590.21,-9.75,-328,,3001,-,,,-,,,,
20263.0,1009.0,-401.0,4.98,-1.98,-4.65,290.48,37.88,920.51,-903.0,-14.62,19950.0,0.66,350.0,2.65,-35.86,,,,
7721.0,335.0,319.0,4.34,4.13,4.55,24.7,181.84,13584.26,3062.0,13.96,68181.0,0.63,700.0,1.64,22.86,,,,
2734.0,253.0,177.0,9.25,6.48,5.74,27.14,148.19,1421.0,403.0,19.45,7623.0,1.03,120.0,1.53,27.81,,,,
4995.0,819.0,711.0,16.39,14.23,10.27,81.8,60.5,4790.73,2178.0,10.36,22952.0,0.98,195.0,0.86,9.65,,,,
2047.0,120.0,100.0,5.84,4.88,8.58,35.82,179.0,1446.9,638.0,6.67,7864.0,0.54,150.0,3.53,22.99,,,,
3075,-239,-438,-7.77,-14.24,-35.15,83.64,69.86,1697.28,-3391,-1.33,9176,0.49,-,-,-,,,,
12469.0,1939.0,1533.0,15.55,12.3,14.98,27.84,305.83,11723.35,3407.0,11.49,23632.0,1.66,1920.0,4.9,56.35,,,,
94574.0,4592.0,-2489.0,4.86,-2.63,-4.02,170.09,60.12,606.5,-1402.0,-13.03,33924.0,0.54,193.0,1.05,-13.71,,,,
15712,1119,986,7.12,6.27,9.36,754.98,,6.17,505,4.09,5296,0.39,,,-,,,,
1346.0,20.0,12.0,1.52,0.9,1.41,75.51,107.53,541.21,38.0,135.88,3091.0,1.67,45.0,0.87,100.14,,,,
15718.0,802.0,569.0,5.1,3.62,11.71,99.35,184.11,4783.68,2673.0,18.85,24259.0,2.08,710.0,1.41,26.66,,,,
168459.0,3953.0,2691.0,2.35,1.6,6.23,928.6,,10074.28,3011.0,8.95,56567.0,0.48,880.0,3.27,26.07,,,,
20604.0,1303.0,832.0,6.33,4.04,4.87,44.81,62.69,2864.44,6931.0,11.61,147933.0,0.54,2000.0,2.48,28.11,,,,
4514.0,296.0,77.0,6.56,1.7,2.06,65.13,167.36,511.1,616.0,18.9,30635.0,0.38,500.0,4.29,78.92,,,,
10293.0,49.0,-3.0,0.47,-0.03,-0.07,121.44,43.84,141.0,-8.0,-746.17,11958.0,0.51,150.0,2.46,-1753.18,,,,
1706.0,234.0,278.0,13.71,16.29,6.6,59.76,66.42,10280.96,33063.0,7.15,520430.0,0.45,1100.0,0.47,3.34,,,,
1492,37,18,2.48,1.23,2.90,97.89,5.33,256.12,51,53.27,1781,1.51,-,-,-,,,,
4908.0,968.0,724.0,19.73,14.75,12.62,55.41,74.75,1792.06,1170.0,16.62,9460.0,2.06,659.0,3.39,56.31,,,,
38894,583,-167,1.50,-0.43,-4.61,217.23,71.70,81.11,-207,-10.72,4353,0.51,-,-,-,,,,
2524.0,130.0,-59.0,5.13,-2.34,-3.13,40.68,86.09,2359.34,-358.0,-30.43,10245.0,1.06,350.0,3.21,-97.7,,,,
59819.0,2186.0,1182.0,3.65,1.98,7.55,189.83,100.77,2888.54,2354.0,14.96,32284.0,1.09,550.0,1.56,23.3,,,,
24079.0,4849.0,3621.0,20.14,15.04,10.36,1144.3,,289.38,1736.0,3.16,17854.0,0.31,300.0,5.46,17.05,,,,
,,,,,,,,,,,,,,,,"4,564  억원",101414285,,
3006.0,85.0,7.0,2.83,0.22,2.52,335.56,97.56,1047.79,114.0,46.19,5418.0,1.18,23.0,0.44,20.2,,,,
1351,29,-117,2.15,-8.65,-5.29,53.01,55.00,560.73,-151,-46.53,3029,2.32,,,-,,,,
65345.0,9943.0,11068.0,15.22,16.94,5.87,17.95,157.69,2054.04,6141.0,12.02,107111.0,0.69,2200.0,2.98,35.82,,,,
43562.0,11550.0,3968.0,26.51,9.11,10.56,89.11,146.37,44216.06,3538.0,52.72,39913.0,4.67,376.0,0.2,9.38,,,,
2842.0,11.0,4.0,0.4,0.15,-0.07,122.61,18.87,1054.03,-41.0,-745.42,56948.0,0.54,1000.0,3.28,-2251.87,,,,
3325.0,-20.0,174.0,-0.59,5.24,2.8,19.8,213.57,7892.48,2250.0,9.05,81019.0,0.25,500.0,2.46,22.23,,,,
3750.0,23.0,-25.0,0.63,-0.68,-1.41,58.35,131.21,948.51,-75.0,-38.37,5233.0,0.55,35.0,1.22,-47.15,,,,
1319.0,81.0,71.0,6.14,5.4,8.53,48.69,165.05,345.81,185.0,12.33,2255.0,1.01,15.0,0.66,8.11,,,,
2319.0,78.0,56.0,3.37,2.41,5.17,72.19,82.58,819.59,233.0,14.86,4597.0,0.75,162.0,4.68,68.31,,,,
2511,41,-1,1.62,-0.03,-0.05,86.57,102.58,1289.73,-1,-1702.02,2252,0.87,-,-,-,,,,
5942,51,-118,0.87,-1.98,-7.29,231.35,29.63,271.39,-322,-7.41,4261,0.56,-,-,-,,,,
21787,2027,1698,9.30,7.79,3.54,24.91,384.40,55922.53,1823,50.68,54473,1.70,,,-,,,,
8843.0,250.0,199.0,2.83,2.25,1.25,77.52,131.19,4455.16,339.0,36.82,35057.0,0.36,400.0,3.2,91.14,,,,
8344.0,241.0,27.0,2.89,0.32,1.31,278.06,50.49,819.6,117.0,48.63,10229.0,0.56,60.0,1.06,44.87,,,,
35525.0,1555.0,1382.0,4.38,3.89,13.1,140.37,76.62,1555.6,1946.0,3.46,15626.0,0.43,200.0,2.97,10.29,,,,
13657.0,1063.0,704.0,7.79,5.16,10.36,64.44,171.37,2212.81,1058.0,12.24,14300.0,0.91,100.0,0.77,7.02,,,,
4573,163,204,3.57,4.47,7.03,576.66,11.54,61.01,58,13.37,860,0.90,,,-,,,,
2773.0,187.0,156.0,6.74,5.63,8.12,25.23,294.45,1207.29,505.0,5.71,6684.0,0.43,110.0,3.81,20.73,,,,
2996.0,202.0,166.0,6.76,5.55,8.65,32.4,91.84,639.49,376.0,6.64,4498.0,0.55,100.0,4.01,26.61,,,,
7697.0,528.0,200.0,6.86,2.6,2.67,81.89,47.7,2778.6,3220.0,33.39,121392.0,0.89,1000.0,0.93,31.06,,,,
2619.0,144.0,83.0,5.52,3.16,4.35,45.44,175.9,2798.7,595.0,9.09,13920.0,0.39,96.0,1.77,16.13,,,,
3547.0,-10.0,38.0,-0.28,1.06,1.06,14.43,299.56,2941.54,1547.0,37.44,163339.0,0.35,750.0,1.3,43.31,,,,
4659.0,276.0,131.0,5.93,2.81,7.28,105.75,93.15,115.81,366.0,8.59,5316.0,0.59,80.0,2.55,21.49,,,,
5597.0,305.0,234.0,5.44,4.18,13.24,70.55,76.64,3637.55,415.0,16.12,3617.0,1.85,158.0,2.36,40.13,,,,
1453.0,175.0,235.0,12.06,16.14,14.56,18.46,205.59,3028.84,2005.0,6.06,18820.0,0.65,500.0,4.12,20.9,,,,
36736,-709,-512,-1.93,-1.39,-6.69,1584.25,,211.59,-300,-6.91,3125,0.66,-,-,-,,,,
176220.0,4279.0,-8165.0,2.43,-4.63,-8.03,188.12,55.24,9533.4,-31685.0,-4.28,375429.0,0.36,3800.0,2.8,-11.99,,,,
11237.0,688.0,-68.0,6.12,-0.61,-2.17,213.78,46.95,311.89,-231.0,-10.76,10529.0,0.24,50.0,2.01,-21.64,,,,
277,-45,-62,-16.30,-22.22,-10.81,12.86,892.65,-12.20,-2228,-14.92,19671,1.69,-,-,-,,,,
154310.0,7280.0,6642.0,4.72,4.3,7.56,1348.28,,125.63,811.0,9.31,13050.0,0.58,260.0,3.44,27.63,,,,
1884.0,78.0,163.0,4.12,8.64,11.03,59.49,96.47,11081.13,6591.0,6.24,62937.0,0.65,400.0,0.97,6.07,,,,
760,-154,-202,-20.21,-26.57,-27.71,113.46,70.64,20.59,-180,-6.29,606,1.86,-,-,-,,,,
100974.0,4622.0,4024.0,4.58,3.98,2.94,56.81,91.58,3338.5,5066.0,46.59,184305.0,1.28,1000.0,0.42,18.78,,,,
307615.0,8668.0,10479.0,2.82,3.41,4.77,71.98,86.93,94439.65,5489.0,19.77,146097.0,0.74,2000.0,1.84,31.42,,,,
77183.0,7409.0,5280.0,9.6,6.84,10.18,59.74,109.45,1190.22,6627.0,18.86,69957.0,1.79,1100.0,0.88,16.19,,,,
2545.0,373.0,298.0,14.65,11.71,21.24,39.6,144.96,1312.71,2852.0,18.34,14890.0,3.51,250.0,0.48,8.65,,,,
3919.0,157.0,55.0,4.0,1.4,2.4,155.68,75.01,1617.39,189.0,18.58,8788.0,0.4,100.0,2.85,47.72,,,,
13610.0,105.0,295.0,0.77,2.17,3.06,63.61,95.16,2795.66,5836.0,12.1,248169.0,0.28,1750.0,2.48,23.3,,,,
893.0,-17.0,-22.0,-1.87,-2.41,-2.52,93.05,159.92,637.68,-119.0,-25.5,4832.0,0.63,25.0,0.82,-20.85,,,,
51,-5,-9,-8.87,-18.29,-4.11,85.21,183.61,170.85,-219,-25.23,5214,1.06,,,-,,,,
1230.0,16.0,7.0,1.32,0.55,0.81,73.31,53.86,1103.95,70.0,135.26,8396.0,1.13,200.0,2.1,169.7,,,,
302,-82,-645,-27.06,-214.04,-305.92,-698.38,42.15,-91.25,-14197,-0.10,-2535,-0.55,,,-,,,,
68868,-4357,-8179,-6.33,-11.88,-90.67,1386.69,29.29,-26.39,-10877,-1.49,10656,1.52,-,-,-,,,,
21515.0,1968.0,1466.0,9.15,6.82,11.32,35.2,167.09,7687.07,3859.0,24.28,39266.0,2.39,2500.0,2.67,57.64,,,,
1239,-793,-715,-64.00,-57.75,-313.66,-1167.72,63.13,-162.79,-1100,,-200,-,,,-,,,,
,,,,,,,,,,,,,,,,191  억원,4463032,,
509,-20,-35,-3.85,-6.81,-4.19,5.08,1520.98,102.53,-43,-30.23,919,1.40,-,-,-,,,,
2694,209,154,7.75,5.71,,250.23,140.51,427.33,610,,2262,-,,,2.14,,,,
,,,,,,,,,,,,,,,,,,,
2051,539,534,26.27,26.02,15.63,825.30,,9.03,78,8.07,536,1.17,,,-,,,,
1073.0,9.0,21.0,0.82,1.98,1.97,24.59,364.59,2707.08,279.0,30.13,14296.0,0.59,250.0,2.98,88.09,,,,
6522.0,217.0,-1506.0,3.32,-23.09,-38.45,420.06,24.21,616.03,-1343.0,-2.23,3541.0,0.84,310.0,10.38,-27.24,,,,
3661,-78,-25,-2.13,-0.67,1.83,58.84,125.10,114.79,156,42.59,9072,0.73,-,-,-,,,,
266,-23,-51,-8.84,-19.39,-12.80,30.33,284.85,663.34,-377,-13.71,3154,1.64,-,-,-,,,,
909.0,81.0,56.0,8.88,6.12,5.41,52.1,112.76,970.23,318.0,18.55,6168.0,0.96,109.0,1.85,32.18,,,,
5066.0,258.0,182.0,5.1,3.6,5.37,77.34,114.06,2213.86,734.0,19.06,13790.0,1.02,500.0,3.57,68.09,,,,
5142.0,-240.0,-911.0,-4.66,-17.71,-71.84,448.13,44.04,78.9,-1937.0,-1.88,1670.0,2.18,53.0,1.45,-2.62,,,,
,,,,,,,,,,,,,,,,"1,151  억원",28358617,,
617,-17,-48,-2.74,-7.71,-4.35,58.93,34.55,626.83,-1615,-9.60,36329,0.43,-,-,-,,,,
3608.0,-4.0,-49.0,-0.12,-1.35,-6.29,167.76,51.5,1859.54,-617.0,-6.03,9376.0,0.4,120.0,3.23,-19.45,,,,
4962.0,136.0,80.0,2.74,1.61,1.0,31.86,87.33,5836.41,2940.0,24.35,308735.0,0.23,1500.0,2.09,48.46,,,,
398,-163,-136,-41.05,-34.18,-37.57,104.92,79.23,356.70,-11334,-1.61,24994,0.73,-,-,-,,,,
957,-308,-304,-32.18,-31.78,,150.88,39.00,256.03,-819,-3.47,1357,2.09,-,-,-,,,,
919,126,94,13.73,10.21,40.54,106.48,131.56,678.90,388,,1298,-,,,-,,,,
2026.0,130.0,74.0,6.42,3.67,-1.11,13.39,614.79,3669.89,-215.0,-89.69,23388.0,0.83,100.0,0.52,-37.33,,,,
1375,-305,-403,-22.18,-29.28,-31.41,194.38,7.04,817.40,-23962,-0.64,115251,0.13,-,-,-,,,,
13840,-329,-331,-2.38,-2.39,-9.36,351.38,46.01,148.40,-901,-23.62,8859,2.40,-,-,-,,,,
3118,-122,-767,-3.91,-24.61,-51.10,155.00,69.88,221.93,-1040,-0.67,1532,0.45,-,-,,,,,
10793.0,746.0,530.0,6.91,4.91,11.94,68.72,116.1,1766.62,4495.0,19.65,39706.0,2.22,779.0,0.88,17.22,,,,
618.0,91.0,68.0,14.78,11.03,17.84,32.8,173.67,553.0,525.0,7.6,3159.0,1.26,200.0,5.01,38.11,,,,
2253.0,129.0,229.0,5.71,10.16,4.98,37.9,70.7,1020.56,271.0,9.65,5618.0,0.46,170.0,6.51,61.59,,,,
412,-82,-76,-19.91,-18.47,-28.50,112.60,122.94,-77.64,-184,-7.83,573,2.51,,,-,,,,
5465,280,203,5.13,3.72,23.08,234.47,143.97,24.30,139,16.65,665,3.48,-,-,-,,,,
596.0,6.0,7.0,0.94,1.21,1.28,56.94,66.19,326.38,506.0,138.47,35741.0,1.96,5000.0,7.14,648.34,,,,
502,-28,-41,-5.59,-8.26,-16.76,259.71,34.37,30.51,-157,-15.69,861,2.86,,,-,,,,
562,-1,-48,-0.15,-8.56,-17.72,94.25,125.54,103.77,-173,-18.29,905,3.50,,,-,,,,
4402,-474,-828,-10.76,-18.81,-36.47,97.49,102.84,620.16,-2070,-1.50,4613,0.67,-,-,-,,,,
49632.0,13796.0,10372.0,27.8,20.9,12.32,23.03,170.21,842.76,7539.0,12.44,68607.0,1.37,4400.0,4.69,53.81,,,,
5196.0,108.0,256.0,2.07,4.92,8.91,63.57,106.11,1372.94,706.0,8.08,8186.0,0.7,370.0,6.48,51.77,,,,
1126,83,76,7.35,6.78,7.87,43.99,99.75,2569.30,1617,13.60,21349,1.03,-,-,-,,,,
5811.0,-36.0,-218.0,-0.61,-3.75,-11.1,305.43,40.47,973.41,-942.0,-3.82,8415.0,0.43,150.0,4.17,-15.08,,,,
9167.0,100.0,26.0,1.09,0.28,1.23,127.71,68.34,624.91,446.0,38.3,36256.0,0.47,400.0,2.34,89.59,,,,
24513.0,411.0,176.0,1.68,0.72,1.28,85.18,59.63,875.74,629.0,37.86,49327.0,0.48,400.0,1.68,63.6,,,,
383815.0,32587.0,24256.0,8.49,6.32,8.77,1354.1,,1850.74,7966.0,4.63,96461.0,0.38,2100.0,5.69,25.78,,,,
5872,987,724,16.81,12.33,56.47,109.19,161.37,20569.19,2574,,6046,-,,,-,,,,
249826.0,13345.0,583.0,5.34,0.23,0.48,382.56,73.83,1606.72,420.0,90.14,89612.0,0.42,380.0,1.0,85.91,,,,
2224.0,93.0,43.0,4.18,1.93,3.18,48.97,53.35,1120.27,187.0,21.58,6290.0,0.64,35.0,0.87,18.23,,,,
4854.0,61.0,-77.0,1.26,-1.58,-5.29,111.11,139.67,4255.9,-598.0,-8.96,11221.0,0.48,77.0,1.44,-12.35,,,,
2118.0,257.0,210.0,12.12,9.93,21.3,44.11,211.09,1298.85,16174.0,19.97,75323.0,4.29,16000.0,4.95,98.92,,,,
4372.0,156.0,140.0,3.56,3.21,4.73,28.25,98.41,2186.62,552.0,12.67,12528.0,0.56,200.0,2.86,34.21,,,,
3910,-74,-215,-1.90,-5.50,-25.92,344.59,140.05,341.30,-665,-2.45,2207,0.74,,,-,,,,
2701,-83,-174,-3.06,-6.43,,368.38,54.15,34.12,-2868,-1.85,8625,0.62,-,-,-,,,,
27367.0,980.0,31.0,3.58,0.11,7.58,190.55,44.35,1555.21,504.0,14.65,6914.0,1.07,250.0,3.39,48.71,,,,
2339.0,40.0,32.0,1.7,1.35,7.94,151.87,111.05,315.76,154.0,11.26,2004.0,0.87,25.0,1.44,16.23,,,,
5774.0,111.0,51.0,1.92,0.88,7.29,283.5,78.41,1090.89,420.0,10.5,5945.0,0.74,70.0,1.59,16.67,,,,
601,76,-18,12.63,-3.01,-15.00,243.50,81.44,55.52,-91,-23.41,574,3.70,-,-,-,,,,
31243.0,899.0,639.0,2.88,2.05,3.2,40.17,100.98,3276.46,561.0,21.13,19669.0,0.6,210.0,1.77,33.46,,,,
29941.0,926.0,612.0,3.09,2.04,2.31,43.61,58.75,964.36,1333.0,34.54,58106.0,0.79,350.0,0.76,26.21,,,,
73146.0,1019.0,552.0,1.39,0.76,1.8,119.11,155.8,2243.08,2030.0,24.73,116401.0,0.43,700.0,1.39,33.68,,,,
42634.0,435.0,164.0,1.02,0.39,5.07,322.7,97.56,655.44,1236.0,14.48,26881.0,0.67,600.0,3.35,46.44,,,,
1839.0,93.0,97.0,5.05,5.28,5.93,34.52,158.63,361.75,1129.0,10.58,20643.0,0.58,500.0,4.18,42.26,,,,
11643.0,19.0,66.0,0.17,0.57,2.24,169.71,65.99,1709.31,190.0,17.19,9103.0,0.36,50.0,1.53,24.79,,,,
1022,-124,-514,-12.10,-50.27,-98.70,1293.83,29.93,12.98,-2476,-0.78,1239,1.56,,,-,,,,
